facility_id,name,street,city_raw,city,zip
36BED0EFBFE0191C87257FFC00789D14,1984 Classic Arcade,3626 West 5600 South Unit A,Roy,Roy,84067
78346D7DDC42361C8625848E0063ACD6,"25th Street Pizza, LLC",3560 Riverdale Road,Ogden,Ogden,84405
802DE2501EB2E77586258599005DC2AA,5 S LODGE,3265 SOUTH STATE STREET,MORGAN,Morgan,84050
7E278F0CE0FCE0578625768800614453,7- ELEVEN STORE#23842C - 7-ELEVEN STORE#23482C,416 East 2604 North,NORTH OGDEN,North Ogden,84414
9B46B388B53A49F08625768800614479,7-11 --25789C,4410 South 1900 West,ROY,Roy,84067
2EAD7662B5C975BE86257688006146FB,7-11 --26352C - 7-11 26352C,5983 South 1900 West,ROY,Roy,84067
EE6565CE73F3AC4A872576DB00727F7A,7-11 #34361B - 7-11 #34361b,5605 S 3500 W,Roy,Roy,84067
7927F629328E68EB86257AD40000E148,7-11 #35692A,3405 Washington Blvd.,Ogden,Ogden,84401
015A8E2F439FEF19862585750076CD88,7-11 #38606A,2098 South 1900 West,West Haven,West Haven,84401
B67DE3FF4ADD8FB68625768800617EF1,7-ELEVEN,404 East 300 North STATE STREET,MORGAN,Morgan,84050
4232A02FFA21B96986258A75007EE431,7-Eleven Store #34740B,4090 Riverdale Road,Riverdale,Riverdale,84405
9517FB1DA06EA02486258A520063F61C,7-Eleven Store #38847A,428 N Wall Ave,Harrisville,Harrisville,84404
15C2F03A7E7EE65686258721005B5BC8,7-ELEVEN #23558D,803 24TH Street,Ogden,Ogden,84401
C23FA81ECF83A5C987257AD9005600B7,7-ELEVEN #35682A,490 40th St.,South Ogden,South Ogden,84403
9F68B9DEEF5541AC8625859E005AD9B9,7-ELEVEN #35997B,4186 Harrison Blvd.,Ogden,Ogden,84403
2A11B660C12683B986258A820063C10D,7-ELEVEN #38675A,2012 Harrison Blvd.,Ogden,Ogden,84401
807A53D7D88C82CE86258AD00063AD29,7-Eleven #38706B,2105 WALL AVENUE,OGDEN,Ogden,84401
442327FF7D70EDAE86258663007B4C25,7-ELEVEN #38870A,3976 So. Midland Drive,Roy,Roy,84067
003B200A8D8B844B87257E8B007E3595,ABC BRAVO RIVERDALE,5165 S 1500 W,Riverdale,Riverdale,84405
7251D8ED19F527318625768800613161,ABC MANDARIN - ABC Mandarin,5260 South 1900 West,ROY,Roy,84067
9ADFCB4FC6D2763E86258B0A0054155D,ABOUTEA,1018 S. Washington Blvd.,Ogden,Ogden,84404
A73FD22A0803143C86258B71007196BE,"ADYLINNA'S MEXICAN FOOD, LLC",366 31st,Ogden,Ogden,84401
8697EA17CFE8B80687257EA7005F75F3,Aguachiles y Clamatos El Pariente,385 Patterson,Ogden,Ogden,84401
C78B2B3C47873FB18625768800614B6C,ALANO CLUB INC. - Alano club,684 East 24TH STREET,OGDEN,Ogden,84401
92D1AF3472FB69CB862576880061437D,ALASKAN INN - Alaskan Inn,435 OGDEN CANYON ROAD,OGDEN,Ogden,84401
923B3E4B4AF4A739862588E5007712C7,ALL ABOUT TACOS,2421 Kiesel Avenue,Ogden,Ogden,84401
E81EEE5C7F583B3286258CA700796239,ALL ABOUT TACOS,1970 W 2550 S,West Haven,West Haven,84401
C49D85E6BD0D0D3486258BFC0054CF06,ALL ABOUT TACOS - ALL ABOUT TACOS 25th,109 25th Street,Ogden,Ogden,84401
17CBF8F2036B374487257B0A005976F5,Alleged,205 25th Street,Ogden,Ogden,84401
DDC5C1E1D184EDF5862587920080050B,AMERICAN DINING CREATIONS,5670 Missile Way,Roy,Roy,84067
511FC5D1947C83058625768800613039,AMERICAN LEGION POST #129 - American Legion Post #129,604 South 7800 East,HUNTSVILLE,Huntsville,84317
C6963A7BF89F1558872577A000710210,Anaya's Market,150 N Washington,Ogden,Ogden,84404
DCE5033172BE6AE186258A740061C782,ANDY'S CLUB,501 N. Harrisville,Utah,Utah,84404
B32A79BF4CC905778725814B006D59B1,Angry Goat Pub & Kitchen,2570 Washington Boulevard,Ogden,Ogden,84401
12FA0F344849F8BE8625895300000656,ANTOJITOS CHEPE,447 39th Street,South Ogden,South Ogden,84403
827CE353E62EEAF986258C0B00777053,APPLE SPICE,148 W Patterson Street Unit A,Ogden,Ogden,84401
9CE1A3096FFDCC1C86257688006129E9,APPLEBEE'S - Applebee's,1125 West RIVERDALE RD,RIVERDALE,Riverdale,84405
EB3F8FC47CB9B7E9872580A4007F9DA9,Arbor Lodge,3923 North Wolf Creek Drive,Eden,Eden,84310
E9B18C8612C5DE58862585F20072BE02,ARBY'S,4180 MIDLAND DR.,ROY,Roy,84067
44AB49C14CDB299D862584EA0077ECA5,ARBY'S DC MANAGEMENT UTAH LLC,2560 NORTH 400 EAST,NORTH OGDEN,North Ogden,84414
10850268B068A7FD86257688006135FD,ARBY'S #301 - Arby's #301,5424 South 1900 West,ROY,Roy,84067
E07589E41E9C24D68625768800613001,ARBY'S #431 - Arby's #431,3385 South WASHINGTON BLVD,OGDEN,Ogden,84401
2F43842D5740EBFF872577B6006B9AB4,Arby's #5749 - Arby's,275 12th St,Ogden,Ogden,84404
BCAA89BED08465878625768800614523,ARBY'S #7045 - Arby's,1814 West 2700 North,FARR WEST,Farr West,84414
F29EA55252015A7786257688006135A0,ARBY'S #708 - Arby's #708,4740 South HARRISON BLVD,OGDEN,Ogden,84403
9C78505A368235F08625768800616713,ARCTIC CIRCLE RESTAURANT,3552 West 5600 South,ROY,Roy,84067
82466629A620AA3C862576880061301D,ARCTIC CIRCLE #135,325 South WASHINGTON BLVD,OGDEN,Ogden,84404
DE137B5EE1BBB4578625768800614D6E,ARCTIC CIRCLE #136,929 S CHAMBERS,SOUTH OGDEN,South Ogden,84403
1E99C717E4C9686286258766007B86D2,AROY-D,1167 West 12th Street,Ogden,Ogden,84404
B52E688ED2FFDF2C86258D760069853B,AROY - D THAI CUISINE,5805 HARRISON BLVD,SOUTH OGDEN,South Ogden,84403
6B0F0D0EA99EFA1F8625768800614ADE,ASSOCIATED FOODS,1850 West 2530 North,FARR WEST,Farr West,84404
94F784F814EDB12F872577EA0065BDBD,ATK CONFERENCE CENTER,890 Ogden Canyon Rd.,Ogden,Ogden,84401
BE2DBC7919227D0786258BD400604B84,Atlas Tea Company,2341 Washington Blvd,Ogden,Ogden,84404
CDCC5548D2801B7586258440007A8151,Auberge of North Ogden,1340 N Washington Blvd.,Ogden,Ogden,84404
2602DA4922AB7F2D86258DE9006C6B4E,AWADA AROMA OF INDIA,380 W 2650 N Unit 3,PLEASANT VIEW,Pleasant View,84414
639146435B28A26286257688006128C4,A. PARLEY BATES ELEMENTARY - A. PARLEY BATES ELEMENTARY CAFETERIA,850 East 3100 North,NORTH OGDEN,North Ogden,84404
A3A8213BDA0A582986258D5C0055AC1E,"BAD BEVS, LLC - MOBILE - BAD BEVS, LLC",272 25th Street,Ogden,Ogden,84401
C20D15BAD2D6522D862589C200577FE4,Bad Humor Meat & Cheese Co. Mobile - Bad Humor Meat & Cheese Co. #392167Z,130 25th St.,Ogden,Ogden,84401
119331396CD03E9686257688006166EB,BANGKOK GARDEN,2426 GRANT AVE,OGDEN,Ogden,84401
81A0E217D6ABE0DF86258B7E0060D84D,BASKIN ROBBINS,1695 E Skyline Dr,South Ogden,South Ogden,84405
D83F130877EACF018625768800612992,BASKIN ROBBINS,1166 South WASHINGTON BLVD,OGDEN,Ogden,84404
38262D4C664B71278725806E0064620F,BEANS AND BREWS,1265 WALL AVE,OGDEN,Ogden,84404
C731A13BAB89779686258C280066926B,BEANS AND BREWS COFFEE HOUSE,4691 Midland Dr,Roy,Roy,84067
D5C94D2331D580E186258C690071F1E4,BEANS AND BREWS COFFEE HOUSE,340 E 525 N,Harrisville,Harrisville,84404
74C8D451B4E582108725827B007D2AB2,Beans & Brews,2420 N Washington Blvd.,North Ogden,North Ogden,84414
9E91D9B8A6A892B886257AF4006523F3,BEANS & BREWS,4201 Harrison,Ogden,Ogden,84403
30F5EC4583BCF56A86258D5C006DC3F9,BEEHIVE GRAZE,2563 Monroe Blvd.,Ogden,Ogden,84401
7ED12648EC33FBD786258C9E005D1F15,"BEEZ CAFE OF ROY, INC","5410 S 1900 W, Roy",,,84067
4039CEC1B4F23B1D8625768800616AE9,BELLA'S MEXICAN RESTAURANT,2651 North 1850 West,FARR WEST,Farr West,84404
AEEB7B3E5293188586257688006137B9,BEN LOMOND HIGH - BEN LOMOND HIGH CAFETERIA,800 South JACKSON AVE,OGDEN,Ogden,84404
B2DEFFC7708A70AF8625768800612109,BEN LOMOND LANES,329 South WASHINGTON BLVD,OGDEN,Ogden,84404
C6F6BA6EE040B7EC06257992005A3350,Best Western Canyon Pines,6650 S. Hwy 89,So. Ogden,South Ogden,84403
5D530E6FCA000E2B8725846D005B0CC7,BEST WESTERN PLUS HIGH COUNTRY INN,1335 W. 12TH ST.,MARRIOTT-SLATERVILLE,Marriott-Slaterville,84404
F788C4A8AE69CB3D8625768800613DDB,BETO'S,1005 South WASHINGTON BLVD,OGDEN,Ogden,84404
8214F345576BEE298625896000589817,BETO'S MEXICAN FOOD,2220 N. Hwy 89,Harrisville,Harrisville,84404
2182A79E6D2BC6B286258528004E3516,BETO'S RESTURANT,3585 HARRISON BLVD,OGDEN,Ogden,84403
2805B26A692EF680862576880061699E,BIG SCOOPS CREAMERY,3588 W. 5600 S.,ROY,Roy,84067
39144F9727356A8986258C3D0067EDA8,BINGHAM'S CUSTOM MEATS,371 E 300 N,Morgan,Morgan,84050
80FD452F40D1DF2F872580BB00705721,Black Bear Diner,366 12th Street,Ogden,Ogden,84404
8462168DB9C19ED086258518005CCE23,BLUE'S C-STORE,1125 W. 3300 SO.,OGDEN,Ogden,84401
239ACCBFA1D2E0E9862584D3007C2761,Blue Sapphire Gentlemens Club,2706 S 1900 W,Ogden,Ogden,84401
11A497202508F1D187257CE10069DBC7,Bob's Burgers,3651 Wall Ave.Unit 1042,Ogden,Ogden,84405
681E8BD7988F22C7862576880061506C,BONNEVILLE HIGH SCHOOL - BONNEVILLE HIGH CAFETERIA,251 East 4800 South,WASHINGTON TERR,Washington Terrace,84403
F3800758A0FCABCD86258B23005D7722,BOUT TIME PUB,3651 Wall Ave Unit 1232,ogden,Ogden,84405
CC37A769C5BF6F72862589BB005EA5CD,Brain Freeze Snowie-Mobile #G581RV,1461 Wild Rose Way,Ogden,Ogden,84404
DE25C02A533AB9388625768800613A11,BREWSKIS ON HISTORIC 25TH STRE - BREWSKIS,244 East 25TH STREET,OGDEN,Ogden,84401
5C993A5A8AD64433862585BD00520BF5,BRIDGE ACADEMY - BRIDGE ACADEMY CAFETERIA,4824 South Midland Drive,Roy,Roy,84067
174D5A01547DAC9687257E6F0078A011,Brighton Recovery Center,6000 South 1075 East,South Ogden,South Ogden,84405
C1C7671B55295825862588FB0082ABDD,BRIXTON'S GOURMET,2386 Kiesel Avenue,Ogden,Ogden,84401
42D383170CA0AA22862576880061653B,BROADMOUTH CANYON RANCH,3985 North 3775 East,LIBERTY,Liberty,84310
271E4D7D1AFAFB3C8625768800612FA6,BROWNING ARMS CAFETERIA,ONE BROWNING PLACE,MORGAN,Morgan,84050
6DBAB8A1D0F0ABC68625801300764D25,BURCH CREEK ELEMENTARY,4300 MADISON AVE,OGDEN,Ogden,84403
36A85B8294F71E608625768800613446,BURGER BAR - Burger Bar,5291 South 1900 West,ROY,Roy,84067
F6D555073BF7782A8625768800612FC3,BURGER KING - Burger King,4027 West RIVERDALE RD,OGDEN,Ogden,84405
9043EB5AB4DC839886258DCD0079EB01,"Burger King #10519 - Kline Hospitality, LLC",4160 Harrison Blvd.,Ogden,Ogden,84403
6CFD175E21467A9486258DCE0055B385,"Burger King #12902 - Kline Hospitality, LLC",2110 Wall Ave.,Ogden,Ogden,84401
F20A1D375182F5F586258DCE00542468,"Burger King #24378 - Kline Hospitality, LLC",2450 S 1900 W,West Haven,West Haven,84401
085E53C1BFC1FC7886258A13006AF616,BURGER KING #31476,5390 South 1900 West,Roy,Roy,84067
47E69FB4067B0FCC8625768800612D80,BURGER KING #4609 - BURGER KING # 4609,361 East 2ND STREET,OGDEN,Ogden,84404
E6D68C260E8F111C86258DCE0050D640,"Burger King #9960 - Kline Hospitality, LLC",3490 W 4800 S,Roy,Roy,84067
094A68FA63242AB6862586920062C75F,BURLY BURGER,1077 West 12th Street,Ogden,Ogden,84404
86F2FC7CCFF5C26C86258BA100561E34,BURLY BURGER II,2970 W 4000 S,West Haven,West Haven,84401
506C85ED683B379B8625768800617FBB,BURRITO GRANDE,5511 South 3500 West,ROY,Roy,84067
8EE71CB15B2D4B5E8625768800613A80,CACTUS REDS,1150 West 2150 South,OGDEN,Ogden,84401
C1C6C27D093BD7308625768800615E85,CAFE' MEGAPLEX,2351 KIESEL AVENUE,OGDEN,Ogden,84401
6B698917A4633AD98625899E0058B012,CAFE LA VOS,3576 Riverdale Road,South Ogden,South Ogden,84405
16296F579C8396598625884F005C4092,CAFE LA VOS - MOBILE,3576 Riverdale Rd,Riverdale,Riverdale,84405
4185B7AF3296532B87257D1E00739F80,Cafe Rio,2629 N 400 E,North Ogden,North Ogden,84414
8CB7FFDF59307FCB8625874A006E7654,CAFE RIO MEXICAN GRILL,5693 So. Harrison Blvd.,South Ogden,South Ogden,84403
9277DBFAD5E3B63686258741007785DA,CAFE RIO MEXICAN GRILL,4194 South Riverdale Road,Riverdale Road,Riverdale,84405
70564D6B80D4F267872578CC0070F330,Cafe Zupas,4245 S RIVERDALE ROAD,RIVERDALE,Riverdale,84405
26BC5E0A81689E5086258300004FD725,CAFE ZUPAS Wall Ave.,1300 S. Wall Ave,Ogden,Ogden,84404
C0068B5BD616F07E86258DCE006CE62B,CALLISTO COFFEE,2563 Monroe Blvd.,Ogden,Ogden,84401
27AF2734D571313E86258E1F00568DD5,CALLISTO COFFEE - COMMISSARY,2563 MONROE BLVD,OGDEN,Ogden,84401
9978060B5F08013B86257688006147CF,CAMP BROWNING,1200 East 5400 South,OGDEN,Ogden,84403
931A1825DE0C578C8625768800618081,CAMP KIESEL-TRAPPER TRAILS CNL,15510 E. CAUSEY DRIVE,HUNTSVILLE,Huntsville,84317
196D2AE22434B5DD8625768800617DF4,CAMP UTABA,7005 North NORTH FORK RD,LIBERTY,Liberty,84310
9FA7BE4967856FE28625768800612957,CANYON VIEW SCHOOL - CANYON VIEW SCHOOL-CAFETERIA,1100 South ORCHARD AVE,OGDEN,Ogden,84404
5C7C210501ACF2E9862586B100740F73,CARL'S JR. #16,180 East 12th Street,Ogden,Ogden,84404
E4060BE772F96D4A862586B100727768,CARL'S JR. #371,1155 W. Riverdale Road,Riverdale,Riverdale,84405
6C04EDB15294954686258887005E6D5C,CARLOS AND HARLEYS,5510 East 2200 North,Eden,Eden,84310
2F3A86C36058EFD9862585CA007A23D9,CARNITAS EL CASITO,675 MONROE BLVD.,OGDEN,Ogden,84404
CBC40BE16B1EED8686258DE7006AE302,"CARNITAS NEGRETE, LLC",1150 N HWY 89,OGDEN,Ogden,84404
5B23B3DFF74C968986258283007DA01D,Casa De Nena,1071 W 27th St.,Ogden,Ogden,84401
ED2EAC48FA1A72E68625872F00593EBB,CASA DE NENA - CART,1071 West 27th Street,Ogden,Ogden,84401
70907E3F50D048D486258C570050F22B,CASCADE LODGE,9091 E. 100 S.,Huntsville,Huntsville,84317
BB16EC70EF59637A86258DE1007673A0,"CENTURY RV, LLC",1399 W 2100 S,OGDEN,Ogden,84401
52E9BC7A14D479B4862589C80060B869,CHEDDAR'S SCRATCH KITCHEN,4171 Riverdale Road,Riverdale,Riverdale,84405
28788F7A4EC1BC798625893300801AE3,Chicho's Flavors Dominican Republic Mobile,5012 So. 4300 West,Hooper,Hooper,84315
BF86FAC230E3396886258933007C401B,Chicho's Flavors of the Dominican Rep,5012 So. 4300 W.,Hooper,Hooper,84315
5B8F30C5B4143CC78625768800619DB6,CHICK-FIL-A,4067 South RIVERDALE ROAD,RIVERDALE,Riverdale,84405
5116F5FFC906AF5C86258BD300792F5F,Chick-fil-A 2700 & Rulon White Blvd FSU - Chick-fil-A,1496 W 2700 N,Pleasant View,Pleasant View,84404
1EEB106E16C42BD187257DAF00732651,Chick-fil-A Ogden #3007,1120 Washington Blvd,Ogden,Ogden,84404
A76E0C415CB7402286258DC3004F0648,Chicken y Carnitas Guerrero,1145 Washington Blvd.Unit 3,Ogden,Ogden,84404
66D8C676B62B006E87257DE000751914,Chila's Tacos,3359 Grant,Ogden,Ogden,84401
B0B49AF3692B713586258CEC0070A2C5,CHILAQUILE BEAST,1978 N 1575 W,Layton,Layton,84041
F63EBC4E1BE77D3186258C1C00531571,CHILDREN'S CLASSIC #1,160 9th St,Ogden,Ogden,84404
2D713FBF7284F9F5862576880061536E,CHILI'S GRILL & BAR,286 EAST NORTH STREET,HARRISVILLE,Harrisville,84404
567F69E9097E492A8625768800612C2A,CHILI'S SOUTHWEST GRILL,1047 West RIVERDALE RD,RIVERDALE,Riverdale,84405
661371CDC5EF486B872581C2007D8884,Chipotle Mexican Grill #3070,849 West Riverdale Road,Riverdale,Riverdale,84405
C3064A88B072A55F862588FA00702C2E,Chipotle Mexican Grill#4174,1269 Washington Blvd.,Ogden,Ogden,84404
A971F5490745A88186258DD20054A46B,CHOUCHOU TEA,5741 S HARRISON BLVD.,OGDEN,Ogden,84403
7C35AB376BC166C48625768800612F52,CHRIS',7345 East 900 South,HUNTSVILLE,Huntsville,84317
51E2DC873C533FB9862576880061439E,CHUCK-A-RAMA,3655 South WASHINGTON BLVD,OGDEN,Ogden,84403
02F3BCA0E8EEFA068625862A00696611,CITY BUFFET,5673 SOUTH 1900 WEST,ROY,Roy,84067
B9D302201C8110898625768800613654,"CITY CLUB, INC. - THE - CITY CLUB, INC - THE",264 East 25TH ST,OGDEN,Ogden,84401
36DCC80C200B8F4E8625768800611ACD,CLASSIC WATERSLIDE SNACK BAR,4181 West RIVERDALE RD,OGDEN,Ogden,84403
FDED745FB71F354E86258E6F005038B1,"COACH RAY'S FOOD ZONE, LLC",477 23rd STREET,OGDEN,Ogden,84404
04293F97F837BB4786258C1900728CE6,COACHS SMOKIN BBQ - MOBILE - COACHS SMOKIN BBQ,"2016 W 5075 S, ROY",,,84067
C22C30C6276B167887258172006BE573,Coffee Links,287 Park Blvd.,Ogden,Ogden,84401
F005311B984FDE60862588DB005B3811,"COFFEE LINKS CUISINE, LLC",1735 Skyline Dr.Unit 3 - 4,South Ogden,South Ogden,84405
FECFCE109C41113286258E2E005B50D0,COGIR OF LOTUS PARK,2639 W 3520 S,West Haven,West Haven,84401
BEF76F489D34953D86258B4D0061D7F4,COLD STONE CREAMERY/ROCKY MTN CHOCOLATE FACTORY,175 25th St Unit 100,Ogden,Ogden,84401
59AC7DD15F199A68872583EC00026DDC,Collier Corner - Collier Corner comissary,1263 North 1700 West,Farr West,Farr West,84404
11F5F9891369B159872584390072F06F,Collier Corner - Collier Corner Mobile Lic# U352W,1263 North 1700 West,Farr West,Farr West,84404
274633E5CF35FDF186258B6D00695F40,COLOMBIAN BURGER HOUSE LLC,4655 S 1900 W Unit 9,Roy,Roy,84067
B3A863ACD96E80E5872579410081FC52,COMFORT INN - KITCHEN,1776 W 2550 N,FARR WEST,Farr West,84404
9C0AFD0F81F600E386258C1B006AF82E,COMFORT INN & SUITES - MORGAN - COMFORT INN & SUITES,215 N Commercial St,Morgan,Morgan,84050
7847C35EBDA26FE486257688006144E0,Common Cents,1184 South WALL AVE,OGDEN,Ogden,84404
116ABC9E07600C3F8625768800613ED0,COMMON CENTS STORES,1888 West 5600 SO.,ROY,Roy,84067
5170ED7E2942DAC28625768800614602,COMMON CENTS STORES - Common Cents,3563 South WALL AVE,OGDEN,Ogden,84404
04583845141A83DE86258B0A0051AADB,CORNER BAKERY CAFE,4315 HARRISON BLVD,OGDEN,Ogden,84403
A99B3BC83FFFD204862585C1007A79B8,COSTA DEL SOL,2433 ADAMS AVENUE,OGDEN,Ogden,84401
10E97248DF59794286258B9000530481,COSTA VIDA,1655 W 2700 N,Farr West,Farr West,84404
4CC5B48E7043C6D78725795E0075AB6D,Costa Vida,4189 Riverdale Rd,Riverdale,Riverdale,84405
7F70D86707E60050862576880061742D,COSTA VIDA,334 23rd STREET,OGDEN,Ogden,84401
AF6E08E66951F6AC8625768800615322,COSTA VIDA,1657 East SKYLINE DR. #1,SOUTH OGDEN,South Ogden,84403
B0FEE0F05A0B6CBD8625768800616D91,COSTCO WHOLESALE #770,3656 WALL AVENUE,SOUTH OGDEN,South Ogden,84403
A03055F6BFC40F4386258AFC0069E071,"COUNTRY CORNER STORE, LLC",4679 W 1150 S ST,OGDEN,Ogden,84404
885E17BAA8F47E7086257688006150D0,COUNTRY VIEW ELEMENTARY - COUNTRY VIEW ELEMENTARY CAFETERIA,4650 West 4800 South,HOOPER,Hooper,84315
4D77FE3D003A87CF86258BDA007E57B0,CR SODAS,643 S 4100 W,Ogden,Ogden,84404
3CFE6C22673EFF75862576880061311E,CRESTWOOD CARE CENTER,3665 South BRINKER AVE,OGDEN,Ogden,84403
4BD98BEEEB531145872578D1007846BF,Criddle's Cafe,350 E 37th Street,South Ogden,South Ogden,84405
0B88AA0799FDA3CD862588A3005472DD,CROSSROADS CHRISTIAN FELLOWSHIP,789 2nd Street,Ogden,Ogden,84404
269FF10EE584192087257B3500751915,Crossroads Christian Fellowship,6545 Combe Rd.,Uintah,Uintah,84403
25502AA04A3C010186258773004FED6F,CUPBOP,141 12th Street,Ogden,Ogden,84404
9C8933B14B8258FD862589C90056527C,CUPBOP ROY,6040 South 3500 West Unit 102,Roy,Roy,84067
ECC2B2A4BE38D7B386257688006139C5,D & B CATERING - KIMBERLY CLARK - D & B CATERING - Kimberly Clark,2010 North RULON WHITE BLVD,OGDEN,Ogden,84404
C787E1EDC6B1739C862586B6005F866A,"D & B CATERING, INC.",1000 W 3300 so.,OGDEN,Ogden,84401
78D016148BECEA118625832100579B8A,Daily Rise Downtown,2314 Washington,Ogden,Ogden,84401
7FA93CD278DCC7468625768800611AB1,DAR'S,240 WASHINGTON BLVD,OGDEN,Ogden,84404
ED0E3AC58D613FEF86258DF400564D11,DAVE'S HOT CHICKEN,4212 Riverdale Rd.,Rivrdale,Riverdale,84405
7BF52BCE26A17F0D8725792C007BAE9C,DAVINCI ACADEMY 7-12 - DaVinci Academy Concession,2033 GRANT AVENUE,OGDEN,Ogden,84401
9DF50B636168A66586258DE70069409F,DAWN'S BAKERY - COMMISSARY,2563 MONROE BLVD.,OGDEN,Ogden,84401
6608CE927CBCB38E86258DC0004FC0F9,DAWN'S BAKERY - MOBILE - DAWN'S BAKERY,2563 MONROE BLVD.,OGDEN,Ogden,84401
EF66AD606F4A1797872582C6006F838A,Day Break Senior Services,1351 Valley Drive,Ogden,Ogden,84401
A57749CEF4DF2C9E8625768800618D45,DEB'S SPICY PIE,113 North COMMERCIAL,MORGAN,Morgan,84050
2140617297A7F0528625768800616B0F,DEL TACO,4137 RIVERDALE RD,RIVERDALE,Riverdale,84405
75F0F1944A177AB48625768800612543,DEL TACO,4436 South 1900 West,ROY,Roy,84067
4F75F40EEB3394DE8625768800612524,DEL TACO #271,1160 South WALL AVE,OGDEN,Ogden,84404
0DBAFD63A50E4D6C87257799005F5191,Denny's Restaurant #8568 - Denny's Restaurant,1172 W 2100 S,West Haven,West Haven,84401
236F80AB097B6D7987257FF000721FA9,Denny's #9281,4029 Riverdale Road,Riverdale,Riverdale,84405
D85536E8F7948BF6062579A700735FF2,DEPOT LEARNING SPOT - DEPOT DAY CARE,640 W. 1100 S.Unit 8,Ogden,Ogden,84404
BD2759C69EBEA91A8625899C0050933F,DOMINO'S,420 North 325 East,Harrisville,Harrisville,84404
C6D50A1F259707A88625896E007A1537,DOMINO'S,2274 N 400 E Unit 202,North Ogden,North Ogden,84414
383AF7251A2F02C9862588C60051DB5F,DOMINO'S #7508,1735 E Skyline Dr. Unit 1,South Ogden,South Ogden,84405
D7FAB6C4F3F65FE8862588C600538B75,DOMINO'S #7522,2060 Harrison Blvd.,Ogden,Ogden,84401
415CBFE83C057FC7862588C6006CB1E6,DOMINO'S #7526,5619 South 3500 West,Roy,Roy,84067
72520BAD4C170348862588C4006E91B5,DOMINO'S #7538,2686 N 1850 W,Farr West,Farr West,84404
5559DA91FF4FD9AE862588C6004F8A0A,DOMINO'S #7560,3601 Washington Blvd.,South Ogden,South Ogden,84403
1D106EC430BDA1EB86258947006AA3DF,DON CARLOS STREET TACOS 2,3511 Harrison Blvd.,Ogden,Ogden,84403
1B921C863538EFC98625768800612B5E,DRAGON RESTAURANT,303 South WASHINGTON BLVD,OGDEN,Ogden,84404
2D57BC55BD39DBB686258D9B007DD8D3,DUNKIN',4235 South Hunter Drive,West Haven,West Haven,84401
FECE3F3098728B1386258751006523F0,DUTCH BROS. COFFEE UT-0701,4177 Riverdale Road,Riverdale,Riverdale,84405
BF623F0C1EBC1AB9862587E4005B311A,DUTCH BROS. COFFEE UT0703 - DUTCH BROS. COFFEE,316 12TH STREET,OGDEN,Ogden,84404
F45E69FF320ADB51862588A9006AD083,DUTCH BROS. COFFEE UT0802,1680 West 2700 North,Pleasant View,Pleasant View,84404
17264D580925C9148625768800613898,DYLAN'S,981 East 12TH ST,OGDEN,Ogden,84403
FE5CB66DF79E543286257688006164F6,EAGLE LAKE GOLF COURSE,2885 West 5200 South,ROY,Roy,84067
22E8A6B39922CBAF8625768800612EDE,EAGLES LODGE 2472 -KITCHEN/BAR,975 South WALL AVE,OGDEN,Ogden,84401
627DD25C6AA1B1638625768800611C8C,EAST RIDGE ELEMENTARY - EAST RIDGE ELEMENTARY CAFETERIA,1330 E. 9TH ST,OGDEN,Ogden,84404
BFFAB6C4AB492ABC86258814006724D1,EASTERN WINDS,3740 Washington Blvd.,South Ogden,South Ogden,84403
0E476D9F8BCD2DEF8625768800612C9F,EATS OF EDEN,2595 North HWY 162,EDEN,Eden,84310
C5201B4ECAFC769D87258458004E145B,ECC Preschool OGDEN SCHOOL DISTRICT BLDG 7 - OGDEN SCHOOL DISTRICT BLDG 7,1950 MONROE BLVD Unit 7,OGDEN,Ogden,84401
C3F7DE1B3771A62386258A2E00776F5E,Eden Coffee Cocoa and Juicery,2405 N Highway 158,Eden,Eden,84310
2BB2E44DC89422E786258BB00053FA7C,EINSTEIN BROS BAGELS,1339 Wall Ave.,Ogden,Ogden,84404
A77A824A1160132886258B5D004F01FD,EINSTEIN BROS BAGELS,1738 W 2700 N,Pleasant View,Pleasant View,84404
B18307B68E79013D8625768800613C48,EINSTEIN BROS. BAGEL #1392,4387 South HARRISON BLVD,OGDEN,Ogden,84403
40E93FD0CCA17DD187257E98006FC98A,El Changarro Loco,3037 Washington Blvd.,Ogden,Ogden,84401
2A4E2AD2FE9C8E6486258DA8007703BB,EL FAMOUS BETO'S MEXICAN FOOD,1855 SKYLINE DR.,SOUTH OGDEN,South Ogden,84401
4208CA22991563958625768800612F33,EL MONTE CAFE,1300 East VALLEY DR,OGDEN,Ogden,84404
53B720EF2F084F288625819900527A1C,"El Paisa Grill Franchise, LLC",460 W 12th St.,Ogden,Ogden,84404
786109F34F9E01D7862581C60078F94D,El Paraiso Taco Cart - El Paraiso Taco Cart #2,2665 Wall Ave,Ogden,Ogden,84401
D4B87E7A423C42D2862576880061524A,EL PARAISO TACOS CART,26TH & WASHINGTON,OGDEN,Ogden,84401
FBFF15CC1EE461638625768800616D6A,EL PARAISO TAQUERIA Y TORTAS - TAQUERIA Y TORTAS EL PARAISO,2665 WALL AVENUE,OGDEN,Ogden,84401
6DE0B5B98C6A4E9E862582E4005BDF47,El Patron,3139 Washington Blvd.,Ogden,Ogden,84401
00A7062A885A024D872582CC005D8AE9,El Pollo Loco,789 W. Riverdale Rd.,Riverdale,Riverdale,84405
A42CFBAF0DA69F308625768800617D4C,"EL POLLO RICO, LLC",807 26th STREET,OGDEN,Ogden,84401
DAAF11333704E1B086258E060078367A,EL SOMBRERO AZUL - LA CASA,2182 PINGREE AVE,OGDEN,Ogden,84401
6824FC2EBABDEF7F86258BD900754D55,Elevated Bagel Company,2347 Washington Blvd,Ogden,Ogden,84401
6DE7EDD162DA211A87257F110064489F,Emilia's Mexican Grill & Market,3064 S 1900 W Unit A,Ogden,Ogden,84401
ACAE3B558DA11030872583CF00703EF7,Eve's Snow Ribbons - Eve's kitchen,4090 W 5800 N Unit F,Mt. Green,Mountain Green,84050
6F3247246C29D2B986257FAE0060156C,Eve's Snow Ribbons - Eve's Snow Ribbons Mobile,4070 W 5800 N,Mt. Green,Mountain Green,84050
616CAB9315041BE28625882A00735F5E,EXTRA MILE #238,4805 South 1900 West,Roy,Roy,84067
D5EC9D409AB1C2BD862589C50064EB28,EXXON-MK Fuel Stop #1,4395 South 1900 West,Roy,Roy,84067
5E96923FC764CE9D86258C9E004FFB4E,"FABBYS FUN FOOD, LLC",1690 W 400 N,Ogden,Ogden,84404
86D5F2BE2E6B5C1986258D6800540CB9,FAMILY PROMISE OF OGDEN,324 E 1100 N,Harrisville,Harrisville,84404
24DEBD1B2EC380B48625768800618522,FAMILY TREE OF MORGAN,862 East MAHOGANY RIDGE ROAD,MORGAN,Morgan,84050
B36D342BE02CD14087257CA7005FF4A1,Farr's Ice Cream,274 21st,Ogden,Ogden,84401
E6C6BC760E67A756862576880061510B,FARR WEST ELEMENTARY - FARR WEST ELEMENTARY CAFETERIA,2190 West 2700 North,OGDEN,Ogden,84404
EE8ABEAA2C009F7B86258B9E006B275C,FAST STOP 1104 INC,4795 S 3500 W,Roy,Roy,84067
15C839EB17445F5986258B9300591E51,FAST STOP 1117 INC,416 N Washington Blvd,Ogden,Ogden,84404
842C5B3DA791C69486258B93005B59B0,FAST STOP 1118 INC,1584 W 2700 N,Pleasant View,Pleasant View,84404
3EC77D267FA5D38B86258E5200523669,FAST STOP 2201 INC,907 N WASHINGTON BLVD,OGDEN,Ogden,84404
0BEC62D8C9B5B1A586258A06007D749D,FAST STOP #1103,2000 W. Pioneer Road,Ogden,Ogden,84401
431BB4A0D870345F8625768800611A21,FAST STOP #211,5150 West OLD HWY RD,MT. GREEN,Mountain Green,84050
0AC86C2D1D2F07A98625768800618CC0,FAST STOP #611,495 40th STREET,SOUTH OGDEN,South Ogden,84403
23397087CE01B0F8862589CD0052309E,FIIZ DRINKS,4023 S. Riverdale Road Unit B,Riverdale,Riverdale,84405
569A270882A1A155862589A90067BA9D,FIIZ DRINKS,2592 North 400 East,North Ogden,North Ogden,84414
7D2D64200568B9FD862589AA0066427B,FIIZ DRINKS,1077 West 12th Street Unit 1,Ogden,Ogden,84404
FF30E7C1DAFE14BA862586A20067A626,FIIZ DRINKS,1970 West 2550 South Unit 105,West Haven,West Haven,84401
63A352012C69A27786258D2B0055EE4B,FIIZ DRINKS - MIDLAND DR.,4671 S Midland Dr.,West Haven,West Haven,84401
B987BB27214D934386258D2B0056A750,FIIZ DRINKS - ROY,4860 S 1900 W,Roy,Roy,84067
A6BE713BD578F89286258D2B00578062,FIIZ DRINKS - SOUTH OGDEN,6029 Fashion Point Dr.,South Ogden,South Ogden,84403
130C7505CBD2C45086258ABC005E925C,FIIZ DRINKS PLAIN CITY,3635 West 2600 North,Plain City,Plain City,84404
C470E6F8FA70580286258B2E005DD48E,FIKS,883 W Pleasant View Dr,Pleasant View,Pleasant View,84414
8653CC27D70E61A4862587DC006B2E3D,FIREHOUSE SUBS,4197 Riverdale Road,Riverdale,Riverdale,84405
98EE313ABECB07EE8725837C005B5BA3,First Lift Coffee,198 South 7400 East,Huntsville,Huntsville,84317
692AA82E06B8FFB78725793C0070B9AD,First Presbyterian Church,880 28th Street,Ogden,Ogden,84403
3E48D3C8C7310C4086258DE200721229,FIRST WATCH #7739,4237 RIVERDALE RD,RIVERDALE,Riverdale,84405
53122C592DCADFF7872578BE0073B05B,Five Guys Burgers and Fries,2325 Washington Blvd,Ogden,Ogden,84401
CD2E71CAE1A5F08787257799006431E3,Flying J #744,1172 W 2100 S,West Haven,West Haven,84401
677FA8483FC338CA86258C1F007E4246,FOOD SAL LLC,"1966 N 400 E, North Ogden",,,84414
B156A1E2368C181287257E360056BB47,Freddy's Frozen Custard & Steakburgers,235 12th Street,Ogden,Ogden,84404
3EF790A9615E4FB38625768800616601,FREEDOM ELEMENTARY - FREEDOM ELEMENTARY CAFETERIA,4555 WEST 5500 SOUTH,HOOPER,Hooper,84315
EBA278CAC34EE25486257688006128E0,FREMONT HIGH SCHOOL - FREMONT CAFETERIA,1975 North 4700 West,PLAIN CITY,Plain City,84404
9042E9F60C8885FE8625768800619C44,FRESH MARKET #2382,2044 HARRISON BLVD,OGDEN,Ogden,84401
4AF0ED86666C3D878625768800619CA3,FRESH MARKET #2388,5691 South HARRISON BLVD.,SOUTH OGDEN,South Ogden,84403
CEA8CE9167AE80D186258D3100586158,FUEGO,3064 S 1900 W Unit A,Ogden,Ogden,84401
3CAE27D6FAC3435A86258E210069A358,FUELIO,5500 S 5500 W,HOOPER,Hooper,84315
B7172D62BA624F8486258E490076AD3C,FULL BELLY FREIGHT,2563 MONROE BLVD.,OGDEN,Ogden,84404
BE6EA2D0487B7F9986258E66005D43DE,FULL STOP DINER & PUB,3909 AIRPORT RD.,OGDEN,Ogden,84405
2646EEEFB5005C26862587800053608D,FUNK AND DIVE,2550 Washington Blvd.,Ogden,Ogden,84401
F2219CAA55CA14EA86258E3600574B8B,"GARDENS AL, LLC",1450 9TH st.,ogden,Ogden,84404
AE8523A6EB6ED5198625768800611CE3,GARDENS ASSISTED LIVING,1450 East 9TH ST,OGDEN,Ogden,84404
AD7487F4A79CEC9186258BA200603F48,GAS STOP - RIVERDALE,686 W Riverdale Rd,Riverdale,Riverdale,84405
ADDF2B1794D5D38686258BA4005177D6,GAS STOP SOUTH OGDEN,925 E Chamber St,South Ogden,South Ogden,84403
066D8E90A00D82378625768800619D5D,GEORGE E. WAHLEN OGDEN VETS,1102 North 1200 West,OGDEN,Ogden,84404
1C936BD6E46173D88625768800616A16,GEORGE WASHINGTON HIGH SCHOOL,455 28TH STREET,OGDEN,Ogden,84401
DDC60CCF15BD06AF8625768800616ABF,GOLDEN CORRAL,988 WASHINGTON BLVD,OGDEN,Ogden,84401
3C422BEA9D809EAD8625768800617510,GOLDEN JADE,4848 HARRISON BLVD,OGDEN,Ogden,84403
4C7BEF710C2E9BA386257688006130E6,GOLDEN SPIKE ARENA CONCESSIONS,1000 North 1200 West,OGDEN,Ogden,84404
3FAC8AB4BF42100086257688006134B5,GOLDEN SPIKE AUCTION ARENA - Golden Spike Auction Arena,1000 North 1200 West,OGDEN,Ogden,84404
240DBECEA644281B86257688006120D7,GOLDEN SPIKE ELKS LODGE #719,1875 West 5200 South,ROY,Roy,84067
88F01249EDBD8DEC8625768800611DA7,GOLDEN SPIKE EXHIBIT BUILDING,1000 North 1200 West,OGDEN,Ogden,84404
1D8BE73B6E39877E8625768800617B13,GOLDEN SPIKE REC HALL,1000 North 1200 West,OGDEN,Ogden,84404
A30A4D2AEACFA2DB8625768800619C15,GOLDEN SPIKE RIDING ARENA,1000 North 1200 West,OGDEN,Ogden,84404
E30A0454B0C244CA86258C69006FBF3B,GOOCHY GOO BBQ,3936 N 2000 W,Ogden,Ogden,84404
69997727ECCDF29F872577DD006D6FDF,Good Foundations Academy - Good Foundations Academy Cafeteria,5101 S 1050 W,Riverdale,Riverdale,84405
DC61E740F3ACD7D886258DFE004ECA4A,GRAND HAVEN SENIOR LIVING,3448 S 2500 W,WEST HAVEN,West Haven,84401
730AFBB9C533DCD58625768800616627,GREAT HARVEST BREAD,272 25th STREET,OGDEN,Ogden,84401
7DE447865CECAA2A8625768800617239,GREAT HARVEST BREAD,1231 East 4800 South,OGDEN,Ogden,84403
285743EA7B3B421B862586B60062714F,GREAT HARVEST BREAD CO.,2633 North 400 East,North Ogden,North Ogden,84414
F16A541BFCA6B1E9862576880061379D,GREEK GARDEN,1048 NEW GATE MALL,OGDEN,Ogden,84405
09C8F67EF98FAD7886258B0A007DD1A1,GREEK GARDEN II,339 East 2250 South,Ogden,Ogden,84401
05042A860A92B2DE872581C300015E59,Greek Olive,5451 South 1900 West,Roy,Roy,84067
4C7A70AEFD2EC3B88625768800614C8F,GREEN ACRES ELEMENTARY - GREEN ACRES ELEMENTARY CAFETERIA,640 East 1900 North,NORTH OGDEN,North Ogden,84414
5AC2B44019504CB08625768800612E32,GREENERY RESTAURANT,1875 VALLEY DRIVE,OGDEN,Ogden,84401
497732D2367D719587257EB6006EA878,Greenwood Charter School,840 N US 89,Harrisville,Harrisville,84404
A117C7ACE7810D2F872579A4006A3D2F,Gridelis North,380 North 2000 West Unit 2,Marriott Slaterville,Marriott-Slaterville,84404
267B8F33D914A3B38625768800614B93,GROUNDS FOR COFFEE,3005 South HARRISON BLVD,OGDEN,Ogden,84403
64DDDDB9F9D4026E86257688006179F2,GROUNDS FOR COFFEE,111 East 25TH ST,OGDEN,Ogden,84401
BDE88B6658EAD7B7862588920058FDE3,GROUNDS FOR COFFEE 40TH - GROUNDS FOR COFFEE,4015 MADISON AVE.Unit B,SOUTH OGDEN,South Ogden,84403
6E789CED00ECF89786258BD30077B938,Grounds for Coffee at Ogden Regional - Grounds fo r Coffee at Ogden Regional,5475 S 500 E,South Ogden,South Ogden,84405
2CBDCF8EF13CD48B86258C68005D870A,Grounds for Coffee at ORMC - Gounds for Coffee at ORMC #2,5475 S 500 E,South Ogden,South Ogden,84405
47B03D26E919342C8625770600537BD6,GROUNDS FOR COFFEE (MCKAY DEE) - GROUNDS FOR COFFEE,4401 HARRISON BLVD,OGDEN,Ogden,84403
88B575F1192375F287257A4000738D31,Hanamaru,357 E 37th,South Ogden,South Ogden,84405
12314C8DF3C45A1486258A5C0071EF53,Handel's Homemade Icecream,4021 So. Riverdale Road,South Ogden,South Ogden,84405
8865643F8D46412186258BAF005E5EA6,HANKS BISTRO AND BREW,2429 N Ut - 158Unit 2,Eden,Eden,84310
135F304D6FAF99308625888C0063B504,HARAJUKU GRILL & SUSHI,539 N HARRISVILLE ROAD Unit A,HARRISVILLE,Harrisville,84404
D877A45566646FCF8625768800614594,HARMON'S DELI,5370 South 1900 West,ROY,Roy,84067
F3CC1D5EB05CCA0D8625768800611D36,HARRISON POINTE HEALTHCARE,3430 South HARRISON BLVD,OGDEN,Ogden,84403
3C4C4190434464548625768800611CA8,HARRISON REGENT RETIREMENT,4481 South HARRISON BLVD,OGDEN,Ogden,84403
9E3349E0A66A64C686258B880056702C,HAVEN BAY ELEMENTARY - HAVEN BAY ELEMENTARY - CAFETERIA,5100 W 3300 S,West Haven,West Haven,84401
02F63AFC71D20CFF86258ACA005D00AB,"Haven Creek Assisited Living by Rocky Mnt Care - Haven Creek Partners, LLC",4607 S Midland Dr,West Haven,West Haven,84040
4DE9F48FE2D3896E86257688006193D9,HEARTH ON 25TH,"195 25th STREET, #6",OGDEN,Ogden,84401
5CFE518283F6C07E8625768800615A93,HEARTHSIDE,5612 East 2200 North,EDEN,Eden,84310
0B85DC96ED2DBE3D86258DE7004DCF78,HEAT PHO - THAI CUISINE,5651 S 1900 W,ROY,Roy,84067
F74DAFC10C11807E86257688006183A6,HERITAGE ELEMENTARY - HERITAGE ELEMENTARY CAFETERIA,373 SOUTH 150 WEST,OGDEN,Ogden,84404
58C328E8083CB0C48625768800614E2C,HERITAGE PARK REHABILITATION - HERITAGE PARK CARE CENTER,2700 West 5600 South,ROY,Roy,84067
C245BC73484BE16686258AB4006713CD,HEY HOT POT,3701 WALL AVENUE,OGDEN,Ogden,84405
313FAA038C0AABDD872581710079AF21,Hidden Valley Assisted Living,1367 Shadow Valley Dr.,Ogden,Ogden,84403
6F4CC982CFD1DF8E8625768800611C53,HIGHLAND JR. HIGH - HIGHLAND SCHOOL CAFETERIA,325 South GRAMMERCY AVE,OGDEN,Ogden,84404
F685A0D69797F2F086258CC30051C935,HILLCREST ELEMENTARY - HILLCREST ELEMENTARY - CAFETERIA,1121 VITT DRIVE,OGDEN,Ogden,84404
A22686F16EAA51B787257A22007086BD,HILTON GARDEN INN - OGDEN - HILTON GARDEN INN,2271 WASHINGTON BLVD,OGDEN,Ogden,84401
A3EAEE6B68C1D7EF86258DA90075C718,HINDS COUNTRY STORE,4275 N 3800 W,MORGAN,Morgan,84050
07C21574F2F374378625863B0059ED5E,HISTORIC KOKOMO CLUB,216 25th Street,ogden,Ogden,84401
41021AAB792C1E528625768800612AA3,HISTORIC PLACE,162 East 25TH ST,OGDEN,Ogden,84401
F94B0A5B436F3E5F86258E6F00525D62,HIVE CAFE & MARKET,3293 HARRISON BLVD.,OGDEN,Ogden,84403
0FEEAB4AA66D6CDD86258CEC00740604,HOAGIE'S CORNER,2705 N 2000 W,Ogden,Ogden,84404
80ACBB7CB90896D387257980007B6936,Holiday Inn Express,2245 S 1200 W,West Haven,West Haven,84401
C01AA451776E9FDE86258A4D0072C348,HOLIDAY OIL,3525 West 4000 South,West Haven,West Haven,84401
55B2B0B8AF9D95598625887C00647842,HOLIDAY OIL #72 - HOLIDAY OIL,4350 WEST 5500 SOUTH,HOOPER,Hooper,84315
40DBB638E8B9513086258AE70065A384,"HOLLYFOOD, LLC",1706 East 5600 South,South Ogden,South Ogden,84403
0531786CAFC4B59886258639005DC04C,HOME2 TRU BY HILTON OGDEN,2405 Lincoln Avenue,Ogden,Ogden,84401
DB47366FFD846F87862576880061513A,HOOPER ELEMENTARY - HOOPER CAFETERIA,5900 West 5500 South,HOOPER,Hooper,84315
F18EFB4EE2D6A17D872576C70073F770,Hope Center- Boys and Girls Club,5051 S 1900 w,Roy,Roy,84067
E5CB20352C58D9F286258C6E006FF97D,HOT POT X,4339 Harrison Blvd,Ogden,Ogden,84403
7F5614A2FBCD522887257A220071667F,Hug-hes Cafe,1220 E 4800 S,OGDEN,Ogden,84403
DB8E8914B33496AC87258061007265E2,Hug-Hes Cafe,360 E 2600 N,North Ogden,North Ogden,84414
6A12473D8B69035E86257688006150A6,H. GUY CHILD ELEMENTARY - H. GUY CHILD ELEMENTARY CAFETERIA,655 East 5500 South,SOUTH OGDEN,South Ogden,84405
C62757A44FC4419186258E2D0072FD9E,I'LL BE DIPPED,2320 Kiesel Ave,Ogden,Ogden,84401
B40DD349E3C0DA4F86258B5B0056A3BE,ICHIBAN SUSHI - OGDEN,1071 W Riverdale Rd,Riverdale,Riverdale,84405
C8EF9114464936FE86257688006168A4,IHOP,947 West RIVERDALE RD,RIVERDALE,Riverdale,84405
4FB3140423B2DEE386257688006141A5,IHOP RESTAURANT 1738,189 12th ST,OGDEN,Ogden,84404
72F73BF9621072CF86258CCF006DEE44,IMPERIO AZTECA,1250 Washinton Blvd.,Ogden,Ogden,84404
58141B7F606762F987257BB1005796E3,In-N-Out Burger,4030 Riverdale Rd.,Riverdale,Riverdale,84405
3B4B4F39C6E2151286258E1F005CC170,INDIGO Cafe & Mocktail,2356 KIESEL AVE,OGDEN,Ogden,84401
140EF245321771EF86258CB900600F83,ISLAND FREEZE,3330 W 4000 S Unit B102,WEST HAVEN,West Haven,84401
B7B033572789C75587258248007DA34B,Ivan's Ice Cream - Ivan's Ice Cream Commissary,2665 Washington Blvd,Ogden,Ogden,84401
B7055E5F991CED3D87257CD8007981D0,J's Drive In,50 N. State,Morgan,Morgan,84050
7865DFEB74FF2F5B862589410062B762,J DAWGS,4104 Riverdale Road,Riverdale,Riverdale,84405
75EE199EF8F518F086258BEF0074BAE5,JACK IN THE BOX,1722 W 2700 N,Pleasant View,Pleasant View,84404
C3E9FC7BFD0D038A862589F200753AAF,JACK IN THE BOX #1311,4816 Harrison Blvd.,Ogden,Ogden,84403
8B6F20883B141DE886258BF2005F7256,JADE BOWL,2068 Harrison Blvd,Ogden,Ogden,84401
615FFCA0FFF94934862588FC005EB2EF,JAGS FUEL STORES 1,369 S. Washington Blvd.,Ogden,Ogden,84404
1C0F5A8AA86AD7AB862588FC0066EEA7,JAGS FUEL STORES 2,710 S Washington Blvd.,Ogden,Ogden,84404
24B78B29EC34919386258523007C3A7A,JAMBA JUICE - JAMBA JUIC,4396 S Harrison Blvd.,Ogden,Ogden,84403
9532129EDFF413E08625768800614F40,JAMBA JUICE #270,"1155 West RIVERDALE ROAD, B",OGDEN,Ogden,84405
4F1099905C3FFFBE862576880061471F,JAVIER'S,703 South WASHINGTON BLVD,OGDEN,Ogden,84404
812F8652C03AD4438625768800611DEA,JAVIER'S,205 West 29TH ST,OGDEN,Ogden,84401
98F85503DA1097DD86257688006176A8,JAVIER'S,4874 HARRISON BLVD,OGDEN,Ogden,84403
B268115B4DE2B8F38825794C006388EE,Javier's,755 N Harrisville Rd,Harrisville,Harrisville,84404
D1836124C3E20DB08725836200771275,Jeremiah's Lodge & Garden,1329 West 12th Street,Marriott-Slaterville,Marriott-Slaterville,84404
CD0A0E24748C971C8625768800613182,JEREMIAH'S RESTAURANT,1307 West 12TH ST,OGDEN,Ogden,84404
5C4254FA698CBE2D862584820050698D,JERSEY MIKE'S SUBS - 12th Street - JERSEY MIKES SUBS,218 E 12th St,Ogden,Ogden,84404
3FA60C412497761C86258E2F006BDEB0,JERSEY MIKE'S SUBS - NORTH OGDEN - JERSEY MIKE'S SUBS,371 E. 2600 N Unit A,North Ogden,North Ogden,84414
47260ADA3C55B127862581C20075D31F,Jersey Mike's Subs - Riverdale - Jersey Mike's Subs,829 W. Riverdale Rd.,Riverdale,Riverdale,84405
E8C46078FDC0ADC7872577F9006D863C,Jimmy John's,185 W. 12th St.,Ogden,Ogden,84404
6BC37F594BF2697D862587F800761EBE,Jimmy Johns #4103,1738 West 2700 North Unit 101,Pleasant View,Pleasant View,84404
D503C9B15E579A5886258D6C006E30DE,"Jimmy Johns/Harrison Subs, Inc.",3685 Harrison Blvd,Ogden,Ogden,84403
5E0B0573C48F5EC686258D6C006D4836,"Jimmy Johns/Riverdale Subs, Inc.",4000 Riverdale Rd,Riverdale,Riverdale,84405
D1420850580F3B0686258D6C006EB00C,"Jimmy Johns/Skyline Subs, Inc.",1696 E Skyline Dr.Unit 8,South Ogden,South Ogden,84405
7E3CDE455B42B5BA86258845005592B7,JO JO BOWLS AND BOBA,252 25th Street,Ogden,Ogden,84401
ED3BC6EE7D8FFD248625876400705EAF,Juan Pablo's Fine Mexican Grill,236 E. 24th Street,Ogden,Ogden,84401
BD4B52A63541FB5B86257688006175E0,JUMBO BURGERS,2665 North 1775 West,FARR WEST,Farr West,84404
BB955C7434E9C49786258765004F16F6,JUNGLE JUICE,3651 Wall Avenue,Ogden,Ogden,84405
F655397CFFBA33B98625768800617A1C,KAFFE MERCANTILE,1221 26th STREET,OGDEN,Ogden,84401
F50F57932A7A1B3687257DC70074AFAB,Kaffe Mercantile South Ogden,930 Chambers Unit 2,South Ogden,South Ogden,84403
B2BFC9C42EC6AFB186257688006126FF,KAMIKAZE'S,2408 South ADAMS AVE,OGDEN,Ogden,84401
4C49546CB54E88C58625768800615174,KANESVILLE ELEMENTARY - KANESVILLE CAFETERIA,3112 South 3500 West,HOOPER,Hooper,84315
AC6168D728C6E876862576880061196D,KARMART CONVENIENCE STORE INC.,205 South HARRISON BLVD,OGDEN,Ogden,84404
F4B98CDDB2A1FC2087258116005EF7D5,Kay's Kid Corner,5506 South 5900 West,Hooper,Hooper,84315
00508FD62251A0B186257688006177C7,KAY'S KIDDIE CARE PRESCHOOL,5227 West 4000 South,HOOPER,Hooper,84315
B6A723044A0E5A4C872581C2007533F6,Kent's Market,3673 W. 2600 N.,Plain City,Plain City,84404
EC526465D75A38F18625768800617C55,KENTS MARKET DELI,3535 W. 5600 S.,ROY,Roy,84067
65C18FBD2A5A3D5D86257688006147AB,KENTUCKY FRIED CHICKEN,1216 South GRANT AVE,OGDEN,Ogden,84404
DB7BC74C192C426F8625768800612E4E,KENTUCKY FRIED CHICKEN,3642 South RIVERDALE RD,SOUTH OGDEN,South Ogden,84405
754F608DB5BC020D86258ABD005B0641,KESARI INDIAN KITCHEN - Kesari Indian Kitchen,2214 Washington Blvd,Ogden,Ogden,84401
B01EF77E8728378B86258614005B4414,KEYSTONE RCOVERY CENTER - KEYSTONE RECOVERY CENTER,1159 30TH STREET,OGDEN,Ogden,84403
3428419C9400B3E38725773D0059378D,Kids Zone,3178 S. Midland,Ogden,Ogden,84401
F02D90228325278186258DE900730B9D,"KIDZ ADVENTURE DAYCARE, LLC",940 20th STREET,OGDEN,Ogden,84401
8FA47B37770E06A68725812B0074DBD8,Kidz Town,677 East 12th Street,Ogden,Ogden,84404
E170BFB960D3CEF687257CAE007AE6DF,Kidz Town Harrisville,1109 N. Washington Blvd.,Harrisville,Harrisville,84404
5B969DABCF2458068625768800612442,KIDZ TOWN NORTH,525 East 2650 North,NORTH OGDEN,North Ogden,84414
90189F3EBEB7AD9686258A4B00675184,KIRT'S DRIVE IN,1974 North 400 East,North Ogden,North Ogden,84414
3BB54C673BAA461186258B100066A613,KLASSY KWIK STOP I,735 N Harrisville Road,Ogden,Ogden,84404
5EB7CAC5A64D42B587257A4E0073797F,Kneaders Bakery,1953 Washington Blvd.,Ogden,Ogden,84401
647BDC4A48729BF486257688006139ED,KOBE TEPPANYAKI,6024 South 1550 East,SOUTH OGDEN,South Ogden,84405
26B33A4F89F6DA21862588FA0082F8B5,Kobe Teriyaki Express 88,3651 Wall Avenue Unit 1054,Ogden,Ogden,84405
D7F76B0FAF67E9B8872583AF005E2CA1,Kogane Korean Kitchen,458 40th Street,South Ogden,South Ogden,84403
AF5D0108CBE24457872581E6005859EB,Korean Bowl,5651 South 1900 West,Roy,Roy,84067
5D3525A46918B39486258B940074AB59,"LA CREPE OG GOURMET, LLC",2411 Kiesel Ave Unit 101,Ogden,Ogden,84401
25E5ACEC98415E0786258DCE005FB0EE,La Ferrovia Italian Ristorante,234 25th,Ogden,Ogden,84401
DE65FB54D43C4DE986257ECE006365A6,La Isla del Sabor,3180 Washington Blvd.,Ogden,Ogden,84401
CB477CD246D7767E862586320059A309,"LA PUPUSERIA EL DON #2, LLC",3035 Wasington Blvd.,Ogden,Ogden,84401
5E3F6B220546667186258C460070C0BD,La Tapatia #2 / Mobile,2636 Grant Ave.,Ogden,Ogden,84401
239E6494C7C403D786258751005E7383,"LAAN THAI RESTAURANT, LLC",2327 Washington Blvd.,Ogden,Ogden,84401
82E939CFBF56440B8625768800613AEA,LAKEVIEW ELEMENTARY - LAKE VIEW CAFETERIA,2025 West 5000 South,ROY,Roy,84067
868E2A81707D7A418625894100653C1E,LAMPLITE BAR,455 24th Street,Ogden,Ogden,84401
AA6C4AA50E364D7587257E9D005A62CC,Lantern House,269 W 3300 S,Ogden,Ogden,84401
672DABA6B5848B66862588F30061985B,LARRY'S SPRING CHICKEN,185 N Commercial Street Unit 4,Morgan,Morgan,84050
388AF5749F06BA89872582F00050CF13,Las Poblanitas,3651 Wall Avenue Unit 1052,Ogden,Ogden,84405
4A508EAFBC42435B86258D4D00538067,LAZY SUGAR INC.,2344 Kiesel Ave.,Ogden,Ogden,84401
285953D2B0D042618725817E005D2294,Leadership Learning Academy Cafeteria - Leadership Learning Academy,1111 2nd St.,Ogden,Ogden,84404
30440DA29E7EBDF28625768800614101,LEARNING TIME ACADEMY,5353 South 1950 West,ROY,Roy,84067
A8ADB34CFC4FA1638725838C00635B11,Lee's Diner,333 2nd Street,Ogden,Ogden,84404
C6076678052521788625768800613E47,LEE'S MARKETPLACE,2645 North WASHINGTON BLVD,N. OGDEN,North Ogden,84414
1CE6DEDC69BA35FA86258B8800746F48,LEE'S MARKETPLACE - LEE'S MARKET PLACE,4935 Old Highway Road,Mountain Green,Mountain Green,84050
CE1EEA06D00A0F388625768800611950,LEE'S MONGOLIAN BBQ RESTAURANT,2866 South WASHINGTON BLVD,OGDEN,Ogden,84401
0E473745EB8A41AE8625768800614A90,LEGACY HOUSE ASSISTED LIVI,5526 South ADAMS AVE,OGDEN,Ogden,84405
9C787EF82F67601C86258C6900710E4A,LEMONADE LUSH LLC - MOBILE #1,3195 S 3450 W,West Haven,West Haven,84401
A421E75DE193777886258E76006CB17E,LEMONADE LUSH LLC - MOBILE #2,3195 S 3450 W,WEST HAVEN,West Haven,84401
17B59561F1445CF886258DA40071E4BE,Leo's Smokehouse Kitchen,6696 S 2500 E,Uintah,Uintah,84405
5EC8C75B8E1E66D5862588AE00582622,LIBERTY ELEMENTARY - LIBERTY ELEMENTRY,3290 Monroe Blvd.,Ogden,Ogden,84403
47FF9EB0096DA3678725778800762ACE,Ligori's Pizza and Pasta,4780 Old Post Rd.,Ogden,Ogden,84403
DBFAF2D2E933A1178625768800611B21,LINCOLN ELEMENTARY - LINCOLN ELEMENTARY CAFETERIA,1235 North CANFIELD DR,OGDEN,Ogden,84404
FF9381A6D03786EE862582C900623776,LINKS BISTRO,3873 N WOLF CREEK DRIVE,EDEN,Eden,84310
FF7AF8C7F7DAF602862588CB005F6229,LIT ARCADE BAR,2432 Washington Blvd.,Ogden,Ogden,84401
0F9DC1536A1412D486258E3C0059FEA2,LITTLE CAESARS - PLEASANT VIEW,1142 W 2700 N,PLEASANT VIEW,Pleasant View,84414
3598F4B0ECCC6C3E8625768800613103,LITTLE CAESARS #019 - LITTLE CAESARS,2600 North WASHINGTON BLVD,NORTH OGDEN,North Ogden,84414
A8E26B01C95F7C3B8625768800616A3D,LITTLE CAESARS #021 - LITTLE CAESARS,4862 South 1900 West,ROY,Roy,84067
E3EB4038920E7EB68625768800613777,LITTLE CAESARS #022 - LITTLE CAESARS,3585 South HARRISON BLVD,OGDEN,Ogden,84403
82011558DB97E68887258305007B25A7,Little Caesars #032,1287 Wall Avenue,Ogden,Ogden,84404
376D06F69EC9E6CA86258D53006912AD,LITTLE LEADERS CHILDCARE,3586 Brinkers Ave,Ogden,Ogden,84403
861040C81A92992586258AB500619320,Little Professors Preschool,3951 Adams Ave,South Ogden,South Ogden,84403
F25CA9B2BE4F9E3B872576B6006205E1,Little Seed Evolution Child Care Center,259 2nd Street,Ogden,Ogden,84401
4CF2F3BDE69840B187257DFC005CC07A,Lolo Hawaiian BBQ,310 12th Street,Ogden,Ogden,84404
A1DD8307D252D0EE8625831D0055C74D,Lolo Hawaiian BBQ-Roy - Lo Lo Hawaiian BBQ Roy,1952 W 5600 S,Roy,Roy,84067
404A9FB8668FDB838625768800611D1B,"Lomond Peak Nursing & Rehab, LLC",524 East 800 North,OGDEN,Ogden,84404
8B6A16A11F33731F862576880061519B,LOMOND VIEW ELEMENTARY - LOMOND VIEW ELEMENTARY CAFETERIA,3644 North 900 West,PLEASANT VIEW,Pleasant View,84404
0BFD359C7FA502A287257AD1007ECCCF,Longhorn Steakhouse #5468,3647 Wall Ave.,Ogden,Ogden,84401
F4C2423E2EEE5AD086258D16005CA8D3,"LOOSE WHEEL, LLC - MOBILE - LOOSE WHEEL, LLC",130 25th STREET,Ogden,Ogden,84401
E00D5E4D91C710B7862576880061239B,LORIN FARR SWIMMING POOL SNCK BAR - Lorin Farr Snack Bar,1691 S. GRAMERCY AVE,OGDEN,Ogden,84401
6426A7B3DFF13C2B86258854005509CE,LOS ARIBERTOS MEXICAN FOOD,3008 W. 4000 S Unit A,WEST HAVEN,West Haven,84401
5938BEADD3FD754886258AD0005E4253,"Los Chilingos Snacks, LLC",230 24th St,Ogden,Ogden,84401
9DA2A41C8EE67B40862589910068D805,LOS CHURROS DEL NORTE MOBILE - LOS CHURROS DEL NORTE,1067 37,ogden,Ogden,84403
FF5BF38024F850A186258C90004F6B73,LOS CIPOTES PUPUSAS LLC - MOBILE - LOS CIPOTES PUPUSAS LLC,2182 PINGREE AVE.,OGDEN,Ogden,84401
EBDB5269286FFE6386258C6600750483,LOST TEXAN BBQ,1144 W 2700 N,Pleasant View,Pleasant View,84414
2B580E7BF3F78ECA8625862A00658487,LUCKY BUFFET,4001 RIVERDALE RD Unit B-2,SOUTH OGDEN,South Ogden,84405
F7AA7E2DC0E4C79B8625806E00817706,LUCKY SLICE MOBILE #2 - LUCKY SLICE MOBILE LKYSLC2,3560 Riverdale Rd,Riverdale,Riverdale,84405
9AB6AF59EC24A0168625827C005BE3EC,LUCKY SLICE MOBLIE #1 - LUCKY SLICE MOBLIE lkyslc1,3560 Riverdale Rd,Riverdale Rd,Riverdale,84405
B387F77507311815862585BA00641B2C,LUCKY SLICE PIZZA,207 25th Street,Ogden,Ogden,84401
EBB43953BE080FF7862588790064DA87,LUPITA TACOS,1303 E. Washington Blvd.,Ogden,Ogden,84404
4AA1439F866820B4862576880061454A,MACEY'S,325 East 36TH ST,OGDEN,Ogden,84405
F9941C8D572CE2B986257688006187CE,MAD MOOSE CAFE,"2429 North HWY 158, #6",EDEN,Eden,84310
C87689747826170A8625768800613DFD,MAJESTIC ELEMENTARY - MAJESTIC CAFETERIA,425 West 2550 North,HARRISVILLE,Harrisville,84404
3E6C973C94B6E0FD86258D290071670A,MAMA'S MOBILE TOASTER CHEESER COMMISSARY,2850 N 1000 W,Pleasant View,Pleasant View,84414
5A7D8A4F357D739086258655007E6A91,Mama's Toasted Cheeser Mobile,2850 N 1000 W,Pleasant View,Pleasant View,84414
AA950408558F81F1872581E60059F77B,Mamas Cook House,5651 South 1900 West,Roy,Roy,84067
AF2452F4132D47D18625768800616A98,MAPLE EXPRESS,475 East 12TH STREET,OGDEN,Ogden,84404
C73CE4FDF3C932E7862583D7006AA2F0,Marco's Pizza #6036,5585 S 3500 W Unit Ste. A,Roy,Roy,84067
6FBEC5364C742811862586220066AAB5,MARCO'S PIZZA #6041,114 N Washington Blvd.,Ogden,Ogden,84404
9F17EC102573D0E78625879200612332,MARCO'S PIZZA #6043,4370 South Washington Blvd.Unit A,South Ogden,South Ogden,84403
4A4333FD94A1BC7D86258B15005D6FA6,MARCO'S PIZZA #6057,380 W 2650 N Unit 2,Pleasant View,Pleasant View,84414
386CF6A1011BFF6587257EC900580CEB,Maria's Mexican Restaurant,1479 East 5600 South Unit A,South Ogden,South Ogden,84403
9EC7F30570D9FB4A86258C120078FE44,MARIA'S MEXICAN RESTAURANT,352 Park Blvd,Ogden,Ogden,84401
94340AFBABC6D10986258CFF0052E30D,MARIA MONTESSORI ACADEMY,2505 N 200 E,North Ogden,North Ogden,84414
98EB8C8A0182CF3D86258CBC005AE07B,MARIGOLD,1695 E SKYLINE DR.Unit 1,SOUTH OGDEN,South Ogden,84405
0DAB9CD1EA563D9A862589C70052DEB0,MARISCOS EL PARIENTE - MOBILE - MARISCOS EL PARIENTE - MOBILE 7APF2,385 Patterson Street,Ogden,Ogden,84401
39427817A86FE9C586258D1E0073E942,"MARISCOS MI GUSTO ES, LLC",3798 Washington Blvd.,Ogden,Ogden,84401
773AD74D8FBB7D3E86258AE1005794A5,MARISCOS MICHIS PALA BANDA,333 E 2ND ST,OGDEN,Ogden,84404
22F2749284AFC68986258C5E00555A1E,MARSHALL N. WHITE COMMUNITY CENTER,222 28th Street,Ogden,Ogden,84401
460519356D4EF41F86258BF5006979CA,MASONIC TEMPLE,1240 20th St,Ogden,Ogden,84401
BCD283570D480ABA86258AE000515C78,"MAVERIK GROUP, LLC MAVERIK #5402 - MAVERIK #5402",4685 W 4000 S,WEST HAVEN,West Haven,84401
B78743CEA41DDF6F86258AE0006843D5,"MAVERIK GROUP, LLC MAVERIK #5412 - MAVERIK #5412",3580 S Midland Drive,West Haven,West Haven,84401
0140BEBDA22F9A5A86258AB00070B199,"MAVERIK GROUP, LLC. MAVERIK 5411 - Maverik #5411",1865 W 400 N,Marriott-Slaterville,Marriott-Slaterville,84404
E684569CCAA1154B86257688006125B5,MAVERIK INC #598 - MAVERIK INC. #598,5100 East 2500 North,EDEN,Eden,84310
71C5C0EF1210EF188625768800619B56,MAVERIK INC. #378,509 N. 2000 W.,SLATERVILLE,Marriott-Slaterville,84404
D94C92E2D386155B8625768800618649,MAVERIK INC. #411,5153 SOUTH ADAMS AVENUE,W TERRACE,Washington Terrace,84405
77C902C0D28312C9872577A00073ED1A,Maverik Inc. #415,689 Washington Blvd.,Ogden,Ogden,84404
8D61153C4905032287257AB700615B57,Maverik Inc. #469,2810 S. Washington Blvd.,Ogden,Ogden,84401
035B5CE3FAB2FB2887257BCD00582115,Maverik Inc. #484,2577 S 1900 W,West Haven,West Haven,84401
ABE7CD93A17883378625768800618DF1,MAVERIK #340,3495 West 5600 South,ROY,Roy,84067
679885C54695BAA18625768800619D02,MAVERIK #414,2815 West 4000 South,ROY,Roy,84067
F9A63EC66CAB6D16872579CA006BD3DF,Maverik #461,4098 W 1975 N,Plain City,Plain City,84404
0DFBF707397ECACC87257C19005CBEE5,Maverik #481,1874 West 2700 North,Farr West,Farr West,84404
887D2759BBD0055D872580870066CC6D,Maverik #546,899 West Riverdale Road,Riverdale,Riverdale,84405
3318E61CDCA922CD862582A9007D148F,Maverik #574,2535 North 400 East,North Ogden,North Ogden,84414
B446E27EB7AF595E862586B6007352D7,"MAVERIK, INC. #644",1332 West 12th Street,Marriott-slaterville,Marriott-Slaterville,84404
D84C04E94BDCA21B862588C40057720F,"MAVERIK, INC. #688",1472 W. Riverdale Road,Riverdale,Riverdale,84405
46D51C0757DB4A8786258A2E0061C3FF,MCDONALD'S,297 E 300 N,Morgan,Morgan,84050
A41D41F45C5737E88725775800579D14,McDonald's,1111 Washington Blvd.,Ogden,Ogden,84403
524DAA9182FD18F9862576880061260A,MCDONALD'S --CROSSPOINTE,5745 South HARRISON BLVD,SOUTH OGDEN,South Ogden,84403
905082A998D7A0F58625768800613E8A,MCDONALD'S NORTHVIEW,2605 North 400 East,NORTH OGDEN,North Ogden,84414
03AA604DA818B97F862576880061262D,MCDONALD'S #2204,5413 South 1900 West,ROY,Roy,84067
4BFF17413B585DF98725788B007545B2,McDonald's #33930,4070 S. Midland Dr.,Roy,Roy,84067
01829CA2889463E886258A14007AF35D,MCDONALDS,909 W. Riverdale Road,Riverdale,Riverdale,84405
A78E0E52A149F8B487257B9F005A84D2,McDonalds,3875 Washington Blvd.,Ogden,Ogden,84403
AA7F925320D56B298625768800613C8E,MCDONALDS,1838 West 2700 North,FARR WEST,Farr West,84404
52C41D869D800D4E86258A14007706E1,MCDONALDS - WALMART,4848 South 900 West,Riverdale,Riverdale,84405
6DE5CA70913C8B908625768800614670,MCDONALDS WESTHAVEN,2085 S 1100 W,WEST HAVEN,West Haven,84404
FEED0A24D4953B5287257C70007117C0,McKay Dee Bistro,4401 Harrison,Ogden,Ogden,84403
B0A5C5D4E2959CFF862586BE005B2B9B,MCKAY DEE CHILD DEVELOPMENT CTR,1045 E. COUNTRY HILLS DR,OGDEN,Ogden,84403
A1E2F67014E93AD18725810D00685014,Menchie's Frozen Yogurt #818,329 24th Street,Ogden,Ogden,84401
ABE3D8F63F6F55DF86258B3A005EF5C4,MENCHIE'S FROZEN YOGURT #926,360 W 2650 N Unit 2,Pleasant View,Pleasant View,84414
048F48A286496B57862589C2005618C2,MI PUEBLA FOOD TRUCK #1X3RK,2665 Washington Blvd.,Ogden,Ogden,84401
E79C2CBC5CE7F5E186257688006198A5,MI PUEBLA RESTAURANT,2665 South WASHINGTON BLVD,OGDEN,Ogden,84401
983CC30CB1B059D486258C190057BC24,MI PUEBLA RESTAURANTS-FOOD TRUCK 2,2665 Washington Blvd,Ogden,Ogden,84401
85EFE1A64843FA1286258DB8004E16BF,MICHIS PA LA BANDA,333 E 2nd ST.,OGDEN,Ogden,84404
F124509A885A67D886258C4A007ACDC4,MICHIS PA LA BANDA - MOBILE - MICHIS PA LA BANDA,333 E 2nd St,Ogden,Ogden,84404
A735A9CED78109EA8625768800615201,MIDLAND ELEMENTARY - MIDLAND CAFETERIA,3100 West 4800 South,ROY,Roy,84067
8156F20119FA9B048625768800611CC5,MILL CREEK YOUTH CENTER/CORREC,790 West 12TH ST,OGDEN,Ogden,84404
00D38F5654B8579B862582EA007A1C19,Millers Farr West,1750 W 2700 N,Farr West,Farr West,84404
6911E5D505293A358625768800613E68,MILLERS PLEASANT VIEW - MILLERS PLEASANT VIEW - FAST FOOD,2686 North HWY 89,PLEASANT VIEW,Pleasant View,84414
2AA6A1FA425E885F86258C20005DE793,MISSION BBQ-RIVERDALE,1083 W Riverdale Rd,Riverdale,Riverdale,84405
6ABE1BAFE547F19586258CEA006E2E5F,MO' BETTAH'S,3650E 2600 N,North Ogden,North Ogden,84414
E3F1BD9540FCAF5D872582EA007DD43F,Mo' Bettahs - Mo' Bettas,1102 S Washington,Ogden,Ogden,84404
03B940F90F748D308625875A0058A266,MO'BETTAHS,4182 So. Riverdale Road,Riverdale,Riverdale,84405
EB900288694405BC86258CFF007425B6,MOD PIZZA,841 West Riverdale Rd,Riverdale,Riverdale,84405
89A9DEA764170EF386258415005FFE90,Monarch Venues,455 25th St.,Ogden,Ogden,84401
C12D45FDAA14189A86257688006135C0,MOORE'S RESTAURANT,3558 South WALL AVE,OGDEN,Ogden,84401
E12425AB2250DEAB8625768800612B01,MOORE'S RESTAURANT,2490 South 1900 West,WEST HAVEN,West Haven,84401
B6BDBA89D688693386257688006133A8,MORGAN ELEMENTARY - MORGAN ELEMENTARY CAFETERIA,344 East YOUNG ST,MORGAN,Morgan,84050
C5505FEBD1538E28862581850056A64C,Morgan High Conc. Century Building,55 N 200 E,Morgan,Morgan,84050
B887B3F6839466198625768800611A5C,MORGAN HIGH SCHOOL - MORGAN HIGH CAFETERIA,55 North 200 East,MORGAN,Morgan,84050
30C0C5D2ADDA6E6986257688006133DC,MORGAN MIDDLE SCHOOL - MORGAN MIDDLE CAFETERIA,115 East YOUNG ST,MORGAN,Morgan,84050
F62FB4DEC5D6126286258D7D0062DF1E,MORGAN PERK,167 N. COMMERCIAL ST.,MORGAN,Morgan,84050
5365B1D01C45E6CF8625768800611B3B,MOUND FORT MIDDLE SCHOOL - MOUND FORT CAFETERIA,1396 LIBERTY AVE,OGDEN,Ogden,84404
4706565DE327FF3A86258D38005F5671,MOUNTAIN BREW COFFEE,2039 W 4000 S,Roy,Roy,84067
09A6451985905B548625768800619630,MOUNTAIN GREEN ELEMENTARY - MOUNTAIN GREEN CAFETERIA,6064 NORTH SILVERLEAF DR.,MORGAN,Morgan,84050
2B5F3A4479807821862584550076D40D,Mountain Green Middle School - Mountain Green Middle School Cafeteria,6200 N 5000 W,Morgan,Morgan,84050
983FF8587A973C4D8625768800614D49,MOUNTAIN VIEW HEALTH SERVICES,5865 WASATCH DRIVE,OGDEN,Ogden,84403
EB0F3A4BDB01125586258B88005B90FD,MOUNTAIN VIEW JUNIOR HIGH - MOUNTAIN VIEW JUNIOR HIGH - CAFETERIA,2078 S 2700 W,WEST HAVEN,West Haven,84401
CE9A1509369243D68625768800611CFE,MT OGDEN HEALTH & REHAB - MT OGDEN HEALTH & REHAP,375 East 5350 South,WASHINGTON TERR,Washington Terrace,84405
00FC490F1105573C86257688006140CC,MT. OGDEN GRILL - GOLF COURSE - Mt. Ogden Grill-Golf Course,1787 CONSTITUTION WAY,OGDEN,Ogden,84403
C2D515A817865E748625768800611B57,MT. OGDEN MIDDLE SCHOOL - MT. OGDEN MIDDLE CAFETERIA,3260 South HARRISON BLVD,OGDEN,Ogden,84403
71AA56DF4B667E5386257688006128FD,MUNICIPAL ELEMENTARY - MUNICIPAL CAFETERIA,2200 West 5775 South,ROY,Roy,84067
66B8D2D49C020D4A86258CBB00590619,MUSUBI BOUND - MOBILE - MUSUBI BOUND,2563 MONROE BLVD,Ogden,Ogden,84401
75CAC577AB435D6986258D1E005A0B3B,MUSUBI BOUND (COMMISSARY),2563 MONROE BLVD,OGDEN,Ogden,84401
F67DE7BC292E54BC86258ACA00694C99,My Stars Christian Early Education Center,2279 Jackson Ave,Ogden,Ogden,84401
B942C31A34DABA6A862587D400831CD8,MY TACOLAND,788 Wall Avenue,Ogden,Ogden,84404
E98702FEAFB6229B87257E380076E18E,Nebco,96 N. State,Morgan,Morgan,84050
DB8421B70493FF568625768800616C01,NEIGHBORHOOD MARKET #5206,1710 East SKYLINE DR,SOUTH OGDEN,South Ogden,84405
E0D10D02340BDEE786258B190052D820,NELLY'S CAKES & PASTRIES,749 Washington Blvd,Ogden,Ogden,84404
ED9786D7D81585F086258943005BCBC1,NEPTUNE SKATING,2770 Washington Blvd.,Ogden,Ogden,84401
94A964764769B2B1862587730056B433,NEVERIA WENDOLYN,749 W 24th Street,Ogden,Ogden,84401
2B0F953E3F072B2D872580130080A856,New Bridge School - New Bridge School Cafeteria,2150 Jefferson Avenue,Ogden,Ogden,84401
89350D440366810E862589CF0074A1AB,NIELSENS FROZEN CUSTARD,457 East 2600 North,North Ogden,North Ogden,84414
CE182984E12926E38625878800563FBE,NO FRILLS DINER,195 25th Street,Ogden,Ogden,84401
14BED6AF307C220486258CBB00510C1F,NO MANCHES WAY,1516 Washington Blvd,Ogden,Ogden,84404
41CC747FD592AB7A86258CBB004FAE86,NO MANCHES WAY - MOBILE - NO MANCHES WAY,1516 Washington Blvd,Ogden,Ogden,84404
35A911397E878B848725791E006C3E9E,Noodles and Company,4245 Riverdale Rd.,Riverdale,Riverdale,84405
5BD9492552BBD25086258D1F0072BE6D,NORTH BRANCH CAFE,475 E 2600 N,NORTH OGDEN,North Ogden,84414
378498EA3F0F2FCE862576880061291E,NORTH OGDEN ELEMENTARY - NORTH OGDEN ELEMENTARY CAFETERIA,530 East 2650 North,NORTH OGDEN,North Ogden,84414
9B31FF65BFD462F7862576880061293A,NORTH OGDEN JR. HIGH - NORTH OGDEN JR. HIGH FOOD,575 East 2900 North,NORTH OGDEN,North Ogden,84404
BEEAB2A865670CD7862587D600633936,NORTH OGDEN YOGURT COMPANY,1964 No. Washington Blvd.Unit B,North Ogden,North Ogden,84404
C6BD8401E75805908625768800612976,NORTH PARK ELEMENTARY - NORTH PARK ELEMENTARY CAFETERIA,4046 South 2175 West,ROY,Roy,84067
09EC5A7AD581CBD188257A2F0051A02D,NORTHERN ICE,300 E 2650 N,No. Ogden,North Ogden,84414
7126B7A9A5427A328625841E00530258,Northern Ice Mobile #1 - Northern Ice Mobile 1 Lic# U065H,300 E 2650 N,North Ogden,North Ogden,84414
935620EED90C7FC986257688006129CD,NORTHERN UTAH COMMUNITY CORREC,2445 WATER TOWER WAY,OGDEN,Ogden,84401
2A5281A9F69BC7C087257C9F005CE339,Northern Utah Rehabilitation Hospital,5825 Harrison Blvd.,So Ogden,South Ogden,84403
ABD480F9E160717786258DD10051A501,NORTHSTAR PRESCHOOL - PLEASANT VIEW,2301 N HWY 89,Pleasant View,Pleasant View,84404
E59027C5988AA82C86258DD100502EA2,NORTHSTAR PRESCHOOL - ROY,5686 S 2050 W,Roy,Roy,84067
3044C833D99A275986258199004F52FB,NORTHSTAR PRESCHOOLS- EAST,3435 Harrison Blvd.Unit 2,Ogden,Ogden,84403
9D4D8EB8680B336B8625768800611D6E,NORTHSTAR PRESCHOOLS - RIVERDALE,3953 SOUTH PACIFIC,RIVERDALE,Riverdale,84405
BBC03D86678C52EC86258B9E0076C899,NORTHSTAR PRESCHOOLS - TERRACE - NORTH STAR PRESCHOOLS,386 W 5150 S,Washington Terrace,Washington Terrace,84405
7AD5B1F43928DA478625768800611D52,NORTHTAR PRESCHOOLS - OGDEN - NORTHSTAR PRESCHOOLS - OGDEN,1285 South MONROE BLVD,OGDEN,Ogden,84404
B39A5F82F71D051386258B960055305A,"O-KU SUSHI & RAMEN ROY, LLC",5429 S 1900 W,Roy,Roy,84067
B7904FE61C50993886258BCC005881A4,O-TOWN EATS,227 25th Street Unit A,Ogden,Ogden,84401
D3E26166A686FCAB86258C9E00633375,O - TOWN KITCHEN - O-TOWN KITCHEN,2563 Monroe Blvd,Ogden,Ogden,84401
B6B7401C0EB0C1D78625768800618818,ODYSSEY ELEMENTARY - ODYSSEY ELEMENTARY-CAFETERIA,375 GODDARD STREET,OGDEN,Ogden,84403
334EB8C4D1E6E2ED8625768800611A77,OGDEN-WEBER APPLIED TECNOLOGY,200 North WASHINGTON BLVD,OGDEN,Ogden,84404
292D85CF299CA80B8625768800611A40,OGDEN-WEBER COMM ACTION,3159 South GRANT AVE,OGDEN,Ogden,84401
8D67D0D4913EDCA286258C38006E93AC,OGDEN BEER COMPANY,358 Park Blvd,Ogden,Ogden,84401
1D2D0CF059601368862585AC0053A4AE,OGDEN CHRISTMAS BOX HOUSE,1181 Christmas Box Lane,Ogden,Ogden,84404
D328B5F3FD2457DC862576880061271A,OGDEN ECCLES CONFERENCE CENTER,2415 S WASHINGTON BLVD,OGDEN,Ogden,84401
CE2FD3FE2F394FE98625820200691187,Ogden Fly High Trampoline,3624 S 250 W,Ogden,Ogden,84405
1EF5A819EA98583686257688006136F1,OGDEN GOLF & CO. CLUB,4197 South WASHINGTON BLVD,OGDEN,Ogden,84403
49095E8D6E92014F8625768800611B74,OGDEN HIGH SCHOOL - OGDEN HIGH SCHOOL CAFETERIA,2828 South HARRISON BLVD,OGDEN,Ogden,84403
C48A5EC6401707BC86258624006442E5,Ogden IRS Early Learning Center,1160 West 12th Street,Ogden,Ogden,84409
7392AB91F64B89BD86258CD90060A334,"OGDEN LITTLE EXPLORERS, LLC",1220 23rd St.,Ogden,Ogden,84401
37DC556D93AF988286258645006772E3,OGDEN MINI MART #4,1177 12TH STREET,OGDEN,Ogden,84404
AE0D9E3F48BA67E886258645007C9C14,OGDEN MINI MART #6,1879 West 2550 South,Ogden,Ogden,84404
D3645A688A46BEF1862586460077D12C,OGDEN MINI MART #8,1015 12th Street,Ogden,Ogden,84414
05F4B1E65F29BEBD86258964005D6DE8,OGDEN NUTRITION,333 2nd Street,Ogden,Ogden,84404
6B75E83004D7476B8625768800611B05,OGDEN PIZZERIA,936 South WASHINGTON BLVD,OGDEN,Ogden,84404
8442C045B520541A862589F2005BA41A,Ogden Prep Acad Early Childhood Ctr,1487 Lincoln Avenue,Ogden,Ogden,84404
9331BF13D10904268625768800615699,OGDEN PREPARATORY ACADEMY-7-9 grade,1435 Lincoln Ave.,OGDEN,Ogden,84401
EBC9DED6D0B146CA86258D11005C9DED,OGDEN PRODUCE COMPANY,582 25th Street,Ogden,Ogden,84401
AE81F0892C40BD838625768800612179,OGDEN REGIONAL MEDICAL CENTER - OGDEN REGIONAL H -MOUNTAINSTAR,5475 South 500 East,OGDEN,Ogden,84405
A98F4E4779C455ED86257688006149DE,OGDEN RESCUE MISSION,2775 South WALL AVE,OGDEN,Ogden,84401
F81D7249CBC4BE9686258A52005A508A,OGDEN SCHOOL DIST. TRAINING KITCHEN,1950 MONROE,OGDEN,Ogden,84401
B65FBC60DD4EEC3486258B7F0055B9B4,OGDEN TECHNICAL HIGH SCHOOL - OGDEN TECHNICAL HIGH SCHOOL CAFETERIA,164 N College Tech Circle,Ogden,Ogden,84404
5437FFE87C1B14D78625878F0059230F,OGDEN VALLEY PIZZA,216 12th Street Unit B,Ogden,Ogden,84404
B3315627EC3552BD872580BB00675C0D,Ogden Valley Pizza,2612 North Highway 162Unit 2,Eden,Eden,84310
83FAB491B5AF8CC586258A19005E8515,Ogden Weber Technical College Mobile - Ogden Weber Tech College Mobile 218801EX,200 N Washihington Blvd.,Ogden,Ogden,84404
3BDB63EF69390305882579440081F0C4,OHANA SUSHI,476 12th Street,Ogden,Ogden,84404
DB6E2DA40AF223B786258A99005A1C3E,Okan Japanese Treats,5651 S 1900 W,Roy,Roy,84067
6C5D99A3D958755D86257688006162B8,OLD GRIST MILL BREAD COMPANY,460 2nd Street,OGDEN,Ogden,84404
CEAE67F8AA42104B8625768800616948,OLIVE GARDEN #1595,4079 South RIVERDALE RD,RIVERDALE,Riverdale,84405
4DC4000B31AF31B1872580210060F2C2,On My Way Preschool & Daycare,5971 South 1900 West,Roy,Roy,84067
FAC242E90F0123D386258A5A006CDE5A,ON MY WAY PRESCHOOL & DAYCARE,3885 N. Hwy 89,Pleasant View,Pleasant View,84404
A6F4DBA045BDEA6886258D6100631455,ONCE UPON A TIME CAFE DBA RILEY RESTAURANT GROUP,5568 Adams Ave.,Ogden,Ogden,84405
BFE6A56E9C031ECD86258D3700650E49,ONCE UPON A TIME CAFE DBA RILEY RESTAURANT GROUP,2464 Jefferson Ave.,Ogden,Ogden,84401
2E10C425223EEE2686258455006F161D,Orchard Springs Elementary - Orchard Springs Elementary Cafeteria,3300 N 975 W,Pleasant View,Pleasant View,84414
1C621164301EDBB2862586A20062CDF2,Original Philadelphia Cheese Steaks,2054 Harrison Blvd.,Ogden,Ogden,84401
8631CE58B6D81BE68625768800616C8E,ORION JR. HIGH - ORION JR. HIGH CAFETERIA,370 WEST 2000 NORTH,HARRISVILLE,Harrisville,84414
F9A05B4E3B3A4BD087257FCA0076D458,Our House of Ogden,446 North Jefferson Avenue,Ogden,Ogden,84404
DAC9394CDDC21C008625824900697144,Our Savior's Lutheran Church,5560 S 2300 W,Roy,Roy,84067
4A9B793E3B6BE34787257BA90069A4DB,Paco's Tacos of Ogden,1210 W 12th Street,Marriott Slatersville,Marriott-Slaterville,84404
54CD7DC0F9BDB83C86258B0B0069DE1E,PACOS TACOS OF OGDEN-MOBILE,1210 W 12TH STREET,OGDEN,Ogden,84404
FF1AE61906A5982386258C4C00735922,PANDA EXPRESS #3896 - PANDA EXPRESS,3042 W 4000 S,WEST HAVEN,West Haven,84401
D6215F39D5F15C958625768800616B36,PANDA EXPRESS #820,"206 12th ST, SUITE D",OGDEN,Ogden,84404
449DD116B7FEA0168625768800616BDA,PANDA EXPRESS #857,"4115 RIVERDALE RD, #A",RIVERDALE,Riverdale,84405
8E79FFE2EF51B0F286258CCB0055DBF9,PANERA BREAD,4122 Riverdale Rd,Riverdale,Riverdale,84405
5FD876BF8BCAE42A862576880061278D,PAPA JOHN'S PIZZA #1282,3404 West 4800 South,ROY,Roy,84067
2C9458A2D311D8ED86257688006148A4,PAPA JOHNS PIZZA #2368,1258 North WASHINGTON BLVD,OGDEN,Ogden,84404
D145A1B9E15F41F18625768800616D1D,PATRICIA'S RESTAURANT,3303 WASHINGTON BLVD,OGDEN,Ogden,84401
71E240D05379D78A87257A63005F38DD,Pearl Milk Tea Club,110 25th Street,Ogden,Ogden,84401
79776806319E62F187257D93005910C5,Pearl Milk Tea Club II,3651 Wall Ave Unit 1032,Ogden,Ogden,84405
BDA303C16C36789F862586F000584B54,PEDDLERS CAFE AND CATERING,3632 No. Wolf Creek Drive,Eden,Eden,84310
CED7F4E5EC61C7A486258AEB005CB1BF,PEDDLERS CAFE AND CATERING,3525 Grant Avenue,Ogden,Ogden,84403
AA62DA57730F2489862589790079170C,"Pete's Place Bar & Grill, LLC",2040 South 1900 West,Ogden,Ogden,84401
34E95090FC2F189A86258988007D26E0,PETRO-MART I,2080 Washington Blvd.,Ogden,Ogden,84401
E7CB40C6C8A7969786258C530078E24B,PHO KING,5451 S 1900 W Unit 4,Roy,Roy,84067
F72A0C2ED29C905587257DD900670B94,Pie Pizzeria Ogden,4300 Harrison Blvd.,Ogden,Ogden,84403
6147BFA2503C24168625768800617608,PILOT TRAVEL CENTER #294,1670 West 12TH STREET,OGDEN,Ogden,84404
66E7ADB55F0B3E5F8625768800612B3D,PILOT TRAVEL CTR 294-TACO BELL,1670 West 12TH ST,OGDEN,Ogden,84404
56884052C1F27D178625768800612B20,PILOT TRAVEL CTR #294 - SUBWAY,1670 West 12TH ST,OGDEN,Ogden,84404
99F0A355ADD8D83286257A6B0051B876,Pineview Assisted Living,2547 North VALLEY JUNCTION DR,EDEN,Eden,84310
39BE7D74535222F98625768800617028,PINEVIEW TRANSITIONAL REHAB,1497 East SKYLINE DR,SOUTH OGDEN,South Ogden,84405
FB4F647E43875FE986258AB00058CBBD,Pinkys Food Hauz,1018 S Washngton Blvd Unit 2,Ogden,Ogden,84404
051A911E72B17DD186258B70005E13B2,PINT SIZED PARADISE,3639 W 2600 N,Plain Clity,Plain City,84404
CEA719B85EA430DB8625768800616447,PIONEER BIBLE CAMP,3165 East 3350 North,LIBERTY,Liberty,84310
DE8117F077168D738625768800613B0B,PIONEER ELEMENTARY - PIONEER ELEMENTARY CAFETERIA,250 North 1600 West,OGDEN,Ogden,84404
5ACA734FEABE7AF68625768800618706,PITA PIT 1 - PITA PIT,309 West 12TH STREET,OGDEN,Ogden,84404
03FD326D1016DEEC8625768800613349,PIZZA HUT #022545,205 South WASHINGTON BLVD,OGDEN,Ogden,84404
B99E99F3012AD0988625768800611F72,PIZZA HUT #022546,4789 South HARRISON BLVD,OGDEN,Ogden,84403
2C7DA32533ABA4FE8625768800611FA4,PIZZA HUT #022547,4795 South 1900 West,ROY,Roy,84067
597A71BCA7DEEF4C8625768800616581,PIZZA HUT #022570,360 East 2600 North,NORTH OGDEN,North Ogden,84414
5F4DBF7B039AEF1B862576880061361A,PIZZA MAN,1958 North WASHINGTON BLVD,NORTH OGDEN,North Ogden,84414
25463263E50530FA86257688006176FA,PIZZA MAN - NORTH OGDEN POOL,245 East 2550 North,North Ogden,North Ogden,84414
DC7C055B0F68A23187257AFD005E663F,Pizza Pie Cafe,1970 N. Washington Blvd.,N. Ogden,North Ogden,84414
EB3FEB30A9D134FC86258CA50078AD6F,"PIZZA""LICIOUS",2510 N Monroe Blvd,Ogden,Ogden,84401
CB089CC4B1339E7D86258BDB005A3C75,PLAIN CITY CONFECTIONARY,2398 N 4350 W,Plain City,Plain City,84404
8E0339F5BC9404D9862576880061397F,PLAIN CITY ELEMENTARY - PLAIN CITY ELEMENTARY CAFETERIA,2335 North 3600 West,PLAIN CITY,Plain City,84404
2C78FDBE120F391986258CC40050BA65,PLAYA BOWLS,410 W 2650 N Unit Ste 2,Pleasant View,Pleasant View,84414
8447B5AC3CC78A7A862588AE0068EDDC,POLK ELEMENTARY,2615 POLK AVENUE,OGDEN,Ogden,84401
2DE528E69FAF12E287257DAC007D18E9,Popeyes,217 E. 12th,Ogden,Ogden,84404
59AA1ED0BB70B34B8725818D0075A770,Popeyes South,3920 S. Wall Ave,S. Ogden,South Ogden,84403
78E94BC8EA1BB63A86258BA8005A6E36,POTBELLY SANDWICH SHOP,1321 Wall Ave,Ogden,Ogden,84404
2D77F168C9E160C786258DE90078C80F,POUR SOME SUGAR,1564 HILLFIELD RD.,LAYTON,Layton,84041
0F27BB4DB64581F786258BDD0059DB7D,POWDER CACHE - POWDER MOUNTAIN SKI RESORT,3900 N Wolf Creek Dr,Eden,Eden,84310
B94ECE3452617FDC86258D8B0060463F,POWDER HAVEN - ARCLODGE,8598 E SHELTER HILL RD,EDEN,Eden,84310
F9D48431541C29B286258E1E00685B3F,POWDER MOUNTAIN,6519 N POWDER MTN. RD.,EDEN,Eden,84310
489ACA9B4C9E314A8625768800612CBB,POWDER MTN - Hidden Lake lodge,POWDER MOUNTAIN SKI RES.,EDEN,Eden,84310
433DA626715FA3A48625768800612CDA,POWDER MTN - POWDER MTN - SUNDOWN,POWDER MOUNTAIN SKI RES.,EDEN,Eden,84310
0B1B88E32D241E798625768800613578,POWDER MTN - POWDER MTN TIMBERLINE,POWDER MOUNTAIN SKI RES.,EDEN,Eden,84310
5A22BDE6B6A2558A8625768800612CF5,POWDER MTN - POWDER MTN POWDER KEG,POWDER MOUNTAIN SKI RES.,EDEN,Eden,84310
5CB7E9FFFF81C23186258C0B00787CF6,POWDER MTN - Snow Cat - Snow Cat,6965 E Powder Mountain Road,Eden,Eden,84310
96F833629CDF973187257BF9006A5512,POWDER MTN -SKY LODGE - POWDER MTN - Skylodge,8000 N 5100 E,Eden,Eden,84310
B3F3C1F27E571519862576880061200C,PRAIRIE SCHOONER RESTAURANT,445 East PARK BLVD,OGDEN,Ogden,84401
FFA814023AB7CE7E8625768800613D4D,PRETZELMAKER #1--FOOD COURT,1027 NEWGATE MALL,OGDEN,Ogden,84405
A89C45790B71F45086258B930068BA18,"PUENTE VIEJO MEXICAN STEAK HOUSE, LLC",825 25th Street,Ogden,Ogden,84401
0485FB6A00EF9E5586258DAE005AA677,PUPUSERIA ROSITA - MOBILE - PUPUSERIA ROSITA,349 W 3200 A,Ogden,Ogden,84405
DEFC7275610668AB86258E060072B67E,PUPUSERIA y TAQUERIA CHAPIN,3836 WASHINTON BLVD.,OGDEN,Ogden,84403
3D78CC70414EFC4486258A270079DCF4,PURPLE SKY WINERY,2809 North Parkland Blvd.,Pleasant View,Pleasant View,84404
BD91DF59FC5DB3F186258D7D0078C917,QUAIL MEADOW ASSISTED LIVING PROP. CO.,786 E 2100 N,NORTH OGDEN,North Ogden,84414
E5B30CFE9C2A912686258E660056E036,QUEST ACADEMY CHARTER,4862 W 4000 S,WEST HAVEN,West Haven,84401
E597373C6FAECBE8872577F50070FA43,Quest Academy Charter School - QUEST CAFETERIA,4862 W 4000 S,West Haven,West Haven,84401
C87B89CFADB7C6B086257A560052BD5A,Quest Academy Jr. High - QUEST JR. HIGH CAFETERIA,4828 W 4000 S,West Haven,West Haven,84401
DC6DD5029D83DCE086258E5E00749F8D,QUIG'S PIZZA AND CUSTARD,256 NORTH STATE,MORGAN,Morgan,84054
FF273493829E4B3386258C42007E517F,QUIK TRIP 7490,1663 W 12th St,Marriott-Slaterville,Marriott-Slaterville,84404
B32C95D774D9E46386258C6D004EBFB9,R & K BRUNCH HOUSE,5128 S 1900 W,ROY,Roy,84067
C39058BB06BD01168625768800614B4A,RAINBOW SALOON & GRILL,6045 South 1900 West,ROY,Roy,84067
853BE439A0D057F2862588A7005F0A1B,RAMBLIN ROADS RESTAURANT,1765 East Skyline Drive,South Ogden,South Ogden,84405
9296EB08B46E7563862585F30054C20C,RAMBLIN ROADS RESTAURANT,1720 W 12th Street,Marriott/Slaterville,Marriott-Slaterville,84404
0A7AA760DCC720E586258581005C0EC2,RAMEN HAUS OGDEN,2550 Washington Blvd.,Ogden,Ogden,84401
2F9763C3A4694A4F872580C900671E3B,Rancherito's Mexican Food,3527 Washington Blvd,Ogden,Ogden,84403
A498D10E327A7F5F86257688006177F0,RANCHERITO'S MEXICAN FOOD,5650 South 1900 West,ROY,Roy,84067
E0CA5C589F2DF3228725785B00791FF9,Rancho Markets,905 26th St.,Ogden,Ogden,84401
87EEA82493A95C0C8625847100780905,RANCHO MARKETS PALETERIA Y NEVERIA,905 E 26TH ST,OGDEN,Ogden,84401
B3A1A2226BB6A75786258E360051DBEE,RAPTOR SHACK - BD CATERING,1544 PARK BLVD.,OGDEN,Ogden,84401
E98542523E5E5C8C86258D78005B5A47,"RED FEZ, LLC - COMMISSARY",3959 S 5350 W,HOOPER,Hooper,84315
7994849DA29DBCDA86258D78005A988C,"RED FEZ, LLC - MOBILE - RED FEZ, LLC",3959 S 5350 W,Hooper,Hooper,84315
8E5A38219A16C81586258B7B005ECC57,RED LIGHT BAR,130 25th Street,Ogden,Ogden,84401
E791E655114A5FC88625899F006BBAFE,RED ROCK TACO,13555 Causey Drive,Huntsville,Huntsville,84317
B5B418298457411486257688006175B2,REMUDA GOLF,2600 West 3500 North,FARR WEST,Farr West,84404
7AC4D946C212B53786258A860069CF42,RIATA V.I.P.,366 36th Street,Ogden,Ogden,84403
EBC292DC1DDFEA62862586230058EA55,RICE KING EXPRESS,3408 W. 4800 So.,Roy,Roy,84067
6A6FB19670AAD204862589B1005744E6,RIVAS MEXICAN GRILL,2922 SOUTH 1900 WEST,OGDEN,Ogden,84401
C46B321BB5E0B2C48625768800614FA6,RIVERDALE ELEMENTARY - RIVERDALE CAFETERIA,1150 West 4400 South,RIVERDALE,Riverdale,84403
71193084D0088AB98625768800615BA4,RIVERDALE SENIOR CENTER,4433 South 900 West,RIVERDALE,Riverdale,84405
C55C7D7C6C5893F08625768800617DA3,ROCK BOTTOM LOUNGE,317 WASHINGTON BLVD.,OGDEN,Ogden,84404
F0C56334B7AEB9AB86257688006127AB,ROCKY MOUNTAIN JR. HIGH - ROCKY MOUNTAIN JR.CAFETERIA,4350 West 4800 South,WEST HAVEN,West Haven,84315
8BF77F6EBBA5514D86258D7D007CA910,ROO'S CAFE - YOUNG SUBARU,3730 RIVERDALE RD.,OGDEN,Ogden,84405
1F2355BA702256F68625768800614C6D,ROOSEVELT ELEMENTARY - ROOSEVELT SCHOOL CAFETERIA,191 West 5000 South,WASHINGTON TERR,Washington Terrace,84405
E7CA8B696BFB03898625768800614C01,ROOSTER'S 25TH ST. BREWING CO.,253 East 25TH ST,OGDEN,Ogden,84401
B9D9DC1A87DC829786258358005C4B8E,Roosters B Street Brewing Company,2325 B Ave.,Ogden,Ogden,84401
48420B0A80552A7187257E37005884AD,Rosa's Cafe,2660 Washington Blvd,Ogden,Ogden,84401
D4A8E57D973B0F9A8625768800613056,ROUND VALLEY COUNTRY CLUB,1875 East ROUND VALLEY RD,MORGAN,Morgan,84050
F2FD6B600203697B87257792007621FA,Rovali's,174 Historic 25th St.,Ogden,Ogden,84401
65EFB003671D5E97862589C50076F269,ROXBERRY JUICE CO.,4671 South Midland Dr.,West haven,West Haven,84401
DA57AD36BB0568FA86258D6500632CB7,ROXY'S PUB - GENAVIEVE COYNE DBA ROXY'S PUB,2172 S 1900 W,WEST HAVEN,West Haven,84401
1F289C75D66908058625768800616B8A,ROY AQUATICS CENTER - ROY AQUATICS CENTER Concessions,2977 West 5200 South,ROY,Roy,84067
45140E704E14BD858625768800614FDC,ROY ELEMENTARY - ROY CAFETERIA,2888 West 5600 South,ROY,Roy,84067
1AF6A5F147C3CDC48625768800614C25,ROY HIGH SCHOOL - ROY HIGH Cafeteria,2150 West 4800 South,ROY,Roy,84067
624EA4B3428066168625768800615003,ROY JR. HIGH - ROY JR. HIGH CAFETERIA,5400 South 2100 West,ROY,Roy,84067
6227ABC418608AE18625876E0065C04B,ROYAL DRAGON RESTAURANT,5647 South 3500 West,Roy,Roy,84067
7078187196AB21DF872583EC0064E4AD,Ruan Thai,215 West 12th Street,Ogden,Ogden,84404
F3CD3CFE0679FC9386258D2A004EBC73,Rue Rue Soda Shop LLC - Mobile - Rue Rue Soda Shop LLC,668 W 3200 N,Pleasant View,Pleasant View,84414
4733B675EA7DD08986257688006159B3,RUMBI ISLAND GRILL,4193 RIVERDALE ROAD,RIVERDALE,Riverdale,84405
258B6060BEC305D086258B070058C337,SABAI JAI,2056 Harrison Blvd.,Ogden,Ogden,84401
92CD742BB778B3A486258E7B0054E21B,SABOR A FRESH MEXICAN FOOD,1125 W 3300 S Unit B,OGDEN,Ogden,84401
A0625145B760081086258768005C7B1D,SADDLEBAG SALOON,2612 No. HWY 162Unit 7,EDEN,Eden,84310
F1A1D848A859990E862584C80065D757,SAKURA SUSHI BAR,4850 Harrison Blvd.Unit 5,Ogden,Ogden,84403
BF6C76171403603386257688006164B7,SAM'S CLUB CAFE #6684,4949 South 900 West,RIVERDALE,Riverdale,84405
155943116DD8B0CA862576880061503A,SANDRIDGE JR. HIGH - SANDRIDGE JR. HIGH CAFETERIA,2075 West 4600 South,ROY,Roy,84067
1C080E834F95319586258495004FC67A,Sapori Italian Bakery & Cafe,325 24th Street,Ogden,Ogden,84401
AE96D35EA41F89F086258A7E00700AE7,SAWASDEE THAI IN EDEN,2612 N Hwy 162Unit 4,Eden,Eden,84310
C1E52CBF912F356D862576880061203F,SCHNEITER'S RIVERSIDE GOLF,5460 South WEBER DR,RIVERDALE,Riverdale,84405
ACA4D68EC43951F386258DD2006E6EE7,"SCOOPS & SMILES, LLC",1479 E 5600 S Unit B102,SOUTH OGDEN,South Ogden,84403
AF95C09510F5E94787257D16006F2879,Scooter's Coffee,1871 West 5300 South,Roy,Roy,84067
F5687AA448FFEE1E8625899C00644015,SCOOTER'S COFFEE,1085 West 12th Street,Ogden,Ogden,84404
FCBEF2A8976EBCFE862584E800534933,Scooter's Coffee,1140 W 2700 N,Pleasant View,Pleasant View,84404
3154D9DE46AD0A7E86258B2300618DA0,"SCRAMBLED, LLC",1241 Washington Blvd,Ogden,Ogden,84404
CCE71B9F42F62D9186258D7D007B0671,SEASONS ASSISTED LIVING PROP CO.,1979 N HERITAGE DR.,FARR WEST,Farr West,84414
535772B2FF753EBA862587450076AF17,SESANTEA,5651 So. 1900 W,Roy,Roy,84067
1843F995098ED7CF86258B32005652FD,SEVEN BROTHERS,6658 S 2500 S,Uintah,Uintah,84405
E598F775F1DAAA8086258CF3006C2351,"SH & SON PETRO MART, INC",2388 Harrison Blvd,Ogden,Ogden,84401
26B297D4DF4BCDFC86257688006185CC,SHADOW VALLEY ELEMENTARY - SHADOW VALLEY ELEMENTARY CAFETERIA,4911 South 1500 East,OGDEN,Ogden,84403
2954ADA424EFF2BC86258A69008273B0,SHAKE SHACK,4142 Riverdale Road,Riverdale,Riverdale,84405
3C36F0E3718C74C38625768800611F39,SHOOTING STAR SALOON,7345 East 200 South,HUNTSVILLE,Huntsville,84317
15C99AC34728191C8625875A00554CF0,SIDE BAR,615 W. Stockman Way,Ogden,Ogden,84401
D885F9E2A74D121386258455006806D1,Silver Ridge Elementary - Silver Ridge Elementary Cafeteria,3340 N 3050 W,Farr West,Farr West,84404
4A560FBF1B4C0ECB862588DA0078FAD3,SILVIA'S CLUB,919 Washington Blvd,Ogden,Ogden,84404
995379581878CFCC87257E76007154F1,Sitara India,3585 Harrison Unit 214,Ogden,Ogden,84403
79995E57448393F8862588F600802712,"SKINNY DOGZ, LLC",2261 Kiesel Avenue Unit 1,Ogden,Ogden,84401
B5D3E1B566AC86568625768800614882,SKYLINE CHEVRON,1855 SKYLINE DRIVE,OGDEN,Ogden,84405
E5F3AB7852DC5EE98625876600618B9C,Slackwater Pub & Pizzeria,209 24th Street,Ogden,Ogden,84404
55F8813E2E5DEC2B8725833C006CD9B1,Sleep Inn of Ogden,1155 South 1700 West,Ogden,Ogden,84404
3266F61E60EE3DA086258E18004BB27B,SLICK CITY,4113 RIVERDALE RD.,RIVERDALE,Riverdale,84405
28777879EB84EB7686258BE1005BB8AA,SLOP SHOP,420 W 2700 N,Pleasant View,Pleasant View,84414
CD4EC8140D79691B86258E370054832B,SLURP COFFEE AND SODA,2555 N WOLF CREEK DR.,EDEN,Eden,84310
B4090D642B47AA07862576880061408E,SMITH'S FOOD & DRUG #131,1485 HARRISON BLVD,OGDEN,Ogden,84404
05F746057ED741D387257D86006A4BC2,Smith's Market Place #279 - Smith's Market Place #279 Coffee Shop,2434 North 400 East,North Ogden,North Ogden,84414
D118420503AB6EC087257D8C00598B5E,Smith's Market Place #279 - Smith's Market Place #279 Deli,2434 North 400 East,North Ogden,North Ogden,84414
B26651940AE987B38625768800614501,SMITH'S #30 - SMITH'S #30 Deli,4275 South HARRISON,SOUTH OGDEN,South Ogden,84403
16B1A43CD4672DA386258C62006A7279,SNO SQUAD,3501 N 3000 W,Farr West,Farr West,84404
E0A1E8F71B82A3D886257688006161F5,SNOWBASIN - JOHN PAUL DAY LODGE - JOHN PAUL DAY LODGE,3925 East SNOWBASIN RD,HUNTSVILLE,Huntsville,84317
32C76022AAE8C24B86257688006161AA,SNOWBASIN - NEEDLES DAY LODGE - NEEDLES DAY LODGE,3925 East SNOWBASIN RD,HUNTSVILLE,Huntsville,84317
7EB9AB31B4BE7AE686257688006142C5,SNOWBASIN DAY LODGE,3925 East SNOWBASIN RD,HUNTSVILLE,Huntsville,84317
0BBCEC83A067B38286257688006128A7,SNOWCREST JR. HIGH - SNOWCREST JR. HIGH CAFETERIA,2755 North HWY 162,EDEN,Eden,84310
8E07B027870865C9862586800061248B,So Delicious Japanese Wasabi,1780 West 5600 South,Roy,Roy,84067
EC7873F1816146DF87257FEF005EB697,So Delicious Japanese Wasabi - So Delicious,3739 Washington Blvd,South Ogden,South Ogden,84403
8308F729861ABF6E8725844E00795834,SOCIAL AXE,2581 LINCOLN AVE,OGDEN,Ogden,84401
3E8363FA8F2B1D5C86258CC1005A9790,"SODALICIOUS, LLC",380 W 2650 N Unit 1,PLEASANT VIEW,Pleasant View,84414
132A9D3FC97DD2BB86258DD8004F1B10,SODEXO @ WSU - STARBUCKS,3910 CAMPUS DR. DEPT 2115,OGDEN,Ogden,84408
E6622F30D4BA32A186258DC5006A48A7,SODEXO @ WSU RESIDENTIAL DINING,3910 CAMPUS DR.Unit 2115,OGDEN,Ogden,84408
2D3B35312D41E8CA86258B32007B8EF2,SON SON ASIAN EATS,400 W 2700 W,Pleasant,Pleasant View,84414
1016BFF549C0D9FD862586F600775323,SON SON ASIAN GRILL-Mobile - SON SON ASIAN GRILL Lic #U13 3NN,675 West 3750 North,Pleasant View,Pleasant View,84414
65811D371A50ECF586258CF900560968,"SOS SIP & SWEETS, LLC",200 E 125 N,Morgan,Morgan,84050
B371EDF50766A26286257688006127E3,SOUTH OGDEN JR. HIGH - SOUTH OGDEN JR. HIGH CAFETERIA,650 E PLEASANT VALLEY DR,OGDEN,Ogden,84405
64860A76CB21C6CF87257FB50066EA88,South Ogden Post Accute,5540 S 1050 E,ogden,Ogden,84405
0043CD9F4FC8B3228625768800613D72,SOUTHFORK CHEVRON,530 South HWY 39,HUNTSVILLE,Huntsville,84317
1A1639BCBA20A1608625768800614E07,SPARETIME LANES - SPARETIME FAMILY GRILL,5160 South 1900 West,ROY,Roy,84067
3A296D451C8B1F9B87257CB7004EB7D5,Sparetime Lounge,5160 S 1900 W,Roy,Roy,84067
F9314A27127D6ACB86258D10004E5971,SPRING GARDENS NORTH OGDEN,204 E 1700 N,North Ogden,North Ogden,84414
9FEF19C724E97EE886258CA50073584C,STAGELINE PIZZA,166 E 4600 S Unit A,Washington Terrace,Washington Terrace,84405
FC965AB241B7A290862588A6005B6C0C,STAR POINT NUTRITION,3901 Riverdale Road Unit B,South Ogden,South Ogden,84405
02FBBD697EABA16F8725845700629D06,Starbucks Coffee Co,6680 South 2500 East,Uintah,Uintah,84405
7EC015A5F4C2E99186257688006158B9,STARBUCKS COFFEE CO #11572,5598 South HARRISON BLVD,SOUTH OGDEN,South Ogden,84403
A20A77D837FF7B2786257688006172E2,STARBUCKS COFFEE CO #2920,1140 West RIVERDALE RD,RIVERDALE,Riverdale,84405
79DB10CB4672E09A862589580064F64C,STARBUCKS COFFEE CO.,3956 So. Midland Drive,Roy,Roy,84067
842AD8D2B79DBB298725847A005F4646,Starbucks Coffee Co.,2552 North 400 East,North Ogden,North Ogden,84414
DDDA4A15FF82F79886258C6F005FB66C,STARBUCKS COFFEE CO.,2087 S 1100 W,West Haven,West Haven,84401
B0A867700005FF62862585D80060183A,STARBUCKS COFFEE CO. #58704 - STARBUCKS COFFEE CO.,4104 RIVERDALE ROAD,RIVERDALE,Riverdale,84405
073B723F29661FC387257C590053F8F3,Starbucks #20002 - Starbucks 20002,1135 Washington Blvd.,Ogden,Ogden,84404
42C26FF57724C6EC8725774D0059B314,Steiny's Family Sports Grill,119 N 600 W,Ogden,Ogden,84404
FABFB2C741222C9286258D4D005576CF,STEINY'S FAMILY SPORTS GRILL,3809 Riverdale Rd.,South Ogden,South Ogden,84405
8B6DBEDF4E744135862584A2007BA00C,STELLAS,225 25th Street,Ogden,Ogden,84401
F7E82A3127B34D278625768800614623,STEP BY STEP DAY CARE,4439 South 700 West,RIVERDALE,Riverdale,84405
028B664182C342FC86258C3B007A7BD9,STEVE'S BLACK SABBATH BBQ,"1895 S Washington Blvd, Ogden",,,84401
1DDB6A14B51DF48C86258C19005E7F3E,STEVE'S BLACK SABBATH BBQ - MOBILE - STEVE'S BLACK SABBATH BBQ,1436 E Center Street,Bountiful,Bountiful,84010
216A192B562B1E6686258BC600744350,STODDARD ROAD HOUSE,1550 OLD HWY ROAD,STODDARD,Stoddard,84050
D02013BC624D77EC86258D790053311B,STONEHENGE OF OGDEN,5648 S ADAMS AVE PKWY,WASHINGTON TERRACE,Washington Terrace,84405
AE43E3F3C36EE146862576880061626A,STONEY BROOKE OF RIVERDALE - Stoney Brooke of Riverdale,4390 South 700 West,RIVERDALE,Riverdale,84405
56C034182CF97F19862589F20077C892,STRAW MARKET,879 W Pleasant View Dr.,Pleassant View,Pleasant View,84414
676F106B2FC8CECC86258E6E004E2CE3,STRAW MARKET,879 PLEASANT VIEW DR.,PLEASANT VIEW,Pleasant View,84414
0B1385416D7AB8D9872577C1005C0F8A,ST. JOSEPH'S ELEMENTARY - ST. JOSEPH'S ELEMENTARY CAFETERIA,2980 Quincy St.,Ogden,Ogden,84403
13944F201F6E2D2087257784006E16EC,St. Joseph High School - St. Joseph High School CAFETERIA,1790 Lake St.,Ogden,Ogden,84401
008EF98B368C41D586258D770076E241,SUBWAY,2378 Kiesel Ave.,Ogden,Ogden,84401
2D5DADB24A68700A86258BFC007E6EE8,SUBWAY,147 12th Street,Ogden,Ogden,84404
30769D89EE98E4B9862588EE006BCFCB,SUBWAY,518 North 325 East,HARRISVILLE,Harrisville,84404
5FB4383E9A9CF774872580870056B32D,SUBWAY,2548 N Washington Ave,N Ogden,North Ogden,84414
C08A20AAF802EE0B862589090054F504,SUBWAY MORGAN#27482,388 State Street,Morgan,Morgan,84050
56C20327C7226C3D86258DA30066896F,SUBWAY #1287,4300 S. HARRISVILLE BLVD.Unit 1,OGDEN,Ogden,84403
3536205A528D1C1986258DA3006DCA82,SUBWAY #14596,1790 W 2700 N,FARR WEST,Farr West,84404
F428FD80265F69578625809D005ED15D,Subway #18250 HFE LLC DBA,3410 West 4800 South,Roy,Roy,84067
ECC69F2D51D1C8738725791E0077D0B2,SUBWAY #24298 HFE LLC DBA - Subway #24298 HFE LLC DBA,2355 South 1900 West,West Haven,West Haven,84401
4FCE2842525E0CE986258DA30063AE48,SUBWAY #26569,5725 HARRISON BLVD,SOUTH OGDEN,South Ogden,84403
BE34DE77FBDD42E9862587490078329F,Subway #49965 (Walmart),1945 Wall Avenue,Ogden,Ogden,84401
9C6B19263B38449887257CE6007AAE91,Subway #60862 HFE LLC DBA - Subway#60862 HFE LLC DBA,3518 West 5600 South,Roy,Roy,84067
927A563B2FD9DA618625835800606CA8,Sugar Rush,517 N 2000 W,MSC,Msc,84404
01151B331841A26786258C8F007C855C,SUNFLOWER ASISTED LIVING,3583 W 2350 N,Plain City,Plain City,84404
6748E3F80390E44E86258415005CEFD0,Sunridge Assisted Living of Roy,3673 W 5600 S,Roy,Roy,84067
8FB0B169B3DBA67C86258BDA007EF564,SUNSET NUTRITION,1662 Washington Blvd,Ogden,Ogden,84404
1CFDA3466B83934686258E6F00556710,SUPER CHIX,1140 W. RIVERDALE RD.Unit G,RIVERDALE,Riverdale,84405
EA7D41710571F347862588F3005F868D,SUPER CHIX,1140 W Riverdale Road,Riverdale,Riverdale,84405
638877B6ED854AD687257F8C0070C5A0,Superior Preparation Learning Center,1765 West 2100 South,West Haven,West Haven,84401
BF6C60F84C2589E9862588230071EE47,SUSHI PRO,4337 Harrison Blvd.,Ogden,Ogden,84403
48A8468C9E3BD8C8872580900055A6B2,Sushi Totto,1216 East 4800 South,Ogden,Ogden,84403
3580656EB00DAB3386258E430068AC60,SWEET SOCIETY CANDY,2563 MONROE BLVD.,OGDEN,Ogden,84401
64175B39B894C7E786258ABB0082085D,SWEETLAND N'THINGS,340 North 1900 West,Marriott-Slaterville,Marriott-Slaterville,84404
9E352CE64AAA244D86258BD6007E800C,SWIG AT OGDEN COMMONS,1333 Wall Ave,Ogden,Ogden,84404
ABF50DC3894C47A686258633005A86CE,SWIG N' SWEETS,4286 HARRISON,OGDEN,Ogden,84403
521257ED6A6F151186258717005E27AF,TABLE TWENTY FIVE,195 25th Street,Ogden,Ogden,84401
245D231751E070FF8625887C00633C25,TABOO PIZZA - MOBILE,3017 SOUTH HARRISON BLVD.,OGDEN,Ogden,84403
917D33F2007258D9872583B3005E53C9,Taboo Pizza,3017 S Harrison Blvd,Ogden,Ogden,84403
4F62CCF56FAB4D7F86258C42007A841E,"TABOO PIZZA/FOUR HOLMES PIZZA, LLC",1877 S WASHINGTON BLVD,OGDEN,Ogden,84401
AC50AB10B86442648625768800614BDB,TACO BELL #33156 - TACO BELL #4861,5641 South 1900 West,ROY,Roy,84067
947A5A52758170538625768800612A4D,TACO BELL #33161 - TACO BELL #009465,4312 South HARRISON BLVD,OGDEN,Ogden,84404
D86558D0197C0FCC8625768800612D2C,TACO BELL #33172 - TACO BELL 33172,365 East 12TH ST,OGDEN,Ogden,84404
C6DB97D5BE7A752287257DAB005B4940,Taco Bell #33178 - Taco Bell #30444,1797 West 2700 North,Farr West,Farr West,84404
A2BC1C6FCAE5CDF586258B4E00704A9F,TACO BELL #40295,2746 W 4000 S,ROY,Roy,84067
5BB7031999B54FB886258C1C0070F2CF,TACO RICO,340 N 1900 W Unit 1,Marriott-Slaterville,Marriott-Slaterville,84404
1CB347313DC6B602862589AB0076295B,TACO TACO,2931 Washinton Blvd.,Ogden,Ogden,84401
41A73FCB789E46FD862584B6005FD270,TACO TIME,2311 North 400 East,North Ogden,North Ogden,84414
A6DF1700B9B1BF13862583D7006E1ECF,Taco Time,4773 S Harrison Blvd.Unit Bldg. D Space 101,Ogden,Ogden,84403
0B3B5793098687C586258E2D0051EEF0,TACOS EL MOJARRO - OGDEN,3651 Wall Ave.Unit 1040,Ogden,Ogden,84405
04F44C4B3A6342BC86258D31004CDC56,TACOS LOS GORDOS,3233 WASHINGTON BLVD.,OGDEN,Ogden,84401
2B407CFF8EFA47FD8625895200800233,TACOS LOS GORDOS - MOBILE,4046 Riverdale Road,Riverdale,Riverdale,84405
9ED9DC3F010FA8CF86258BE8007346E2,TACOS LOS GORDOS - MOBILE,1310 Wall Ave,Ogden,Ogden,84404
9FD16150BC3107E68625768800614D99,TAGGART'S GRILL,1105 North TAGGART LN,MORGAN,Morgan,84050
6E3AE5E9F23B00E586258E57005CEB58,Talisman Brewing Co.,1258 Gibson Ave,Ogden,Ogden,84404
43CA2CE8B58DB92C86258B89005231AE,TAPATIO MEXICAN FOOD,3798 Washington Blvd,Ogden,Ogden,84403
029EFA384AA9607486258BFC00568E67,TAPATIO MEXICAN FOOD - MOBILE - TAPATIO MEXICAN FOOD,3798 Washington Blvd,Ogden,Ogden,84403
B64AD45E6A95620286258BDB0058FA37,TAQUERIA LA LOTERIA,1864 W 5300 S,Roy,Roy,84067
1FC60786ACC314CB86258BEE0075EBF9,TAQUERIA LA LOTERIA- MOBILE 1,1864 W 5300 S,Roy,Roy,84067
080F2BAEE3DA884F86258E37006720F8,TAQUERIA LA LOTERIA - MOBILE 2,1864 W 5300 S,ROY,Roy,84067
64B0E62E6CED59218625768800617BA3,TAQUERIA LA TAPATIA CART #1,2529 WASHINGTON BLVD,OGDEN,Ogden,84401
C7FA9F7DEBCA08CD8625768800616DB7,TAQUERIA LA TAPATIA CART #3,375 26TH STREET,OGDEN,Ogden,84401
8E1F72650BEDE0138625884E006B5ECC,TAQUERIA LA TAPATIA COMMISSARY,2634 GRANT AVENUE,OGDEN,Ogden,84401
9C51B7E4A54717738625768800616848,TAQUERIA LA TAPATIA EVENT CART,25th Grant,OGDEN,Ogden,84401
7B517FE686553CE6862589A4007D56C6,TAQUERIA LA TAPATIA #2 CART,2636 Grant Avenue,Ogden,Ogden,84401
C1096827FACB8EB6862589A4007C9013,TAQUERIA LA TAPATIA #2 Commissary,2636 Grant Avenue,Ogden,Ogden,84401
B0C48AE450E16A2F86258C200056AF9A,TAQUERIA LAS TARASCAS - MOBILE,3002 Washington Blvd,Ogden,Ogden,84401
22FA814875CFA634872581E6005B20E3,Taqueria Los Agaves,3513 Riverdale Road,Ogden,Ogden,84405
3A5FD9F14213214B86258DC0005DF82A,TARGET - STARBUCKS,1818 W Woodsonia Ave.,Farr West,Farr West,84404
C7528DEA99F06F238625768800611E0E,TERRACE DEPOT - THE,314 West 4525 South,OGDEN,Ogden,84405
9148638BA309F43C8625768800618B4C,TEXAS ROADHOUSE,3969 WALL AVENUE,SOUTH OGDEN,South Ogden,84405
C20D2B028881A0BD86257F55007DA54F,Thai-Pho Kitchen,154 25th Street,Ogden,Ogden,84401
B567B153AF3EEFB486258C530051ABD5,THAI BETTER OGDEN,350 Park Blvd,Ogden,Ogden,84401
022DC072B0628E8886258A13007773A9,Thai Khao Kaeng Express & Pizzeria,5357 So. 1900 W.,Roy,Roy,84067
73F568B7E937A3EE862586BF007AAB7E,THAI PALM KITCHEN,4844 Harrison Blvd.,Ogden,Ogden,84403
2BC150BCB941BF8286258D780075D500,THE AUBERGE AT NORTH OGDEN,1340 N WASHINTON BLVD,OGDEN,Ogden,84404
BE78340DCF530685862585C0004E03DF,THE BARN GOLF CLUB - The Barn Golf Club,305 W. Pleasant View Drive,Pleasant View,Pleasant View,84414
F36E1BF304B3A2C486258B710059A014,THE BIRD,400 W 2700 N,Pleasant View,Pleasant View,84414
E275804EC459AB7987257C7D007A47D7,The Coffee Compound,2417 Grant Ave.,Ogden,Ogden,84401
378513D45AD796EF872583360062352F,The Corner,2501 25th Street,Ogden,Ogden,84401
B66934E23F952B9D86258B9300655196,THE CORNER FIX,4658 W 1150 S,Ogden,Ogden,84404
35FC229D4C0A105386258C6D006F0CA1,THE CROOKED CUE,449 W 12TH ST.,OGDEN,Ogden,84404
47D152092093A1A48625768800618C84,THE DAILY RISE EXPRESSO- MOBILE - THE DAILY RISE EXPRESSO,2865 WASHINGTON BLVD,OGDEN,Ogden,84401
D77A275626F6A71286258B00005E57DA,THE DONUT RUN & THE SODA RUN,554 WASHINGTON BLVD,OGDEN,Ogden,84404
F3E93B9EA1A6C43086258D2C005718C1,THE DRIP,2555 N 5100 E,EDEN,Eden,84310
85DDB0B878F2A13886258B0F0053CACF,THE FORT CUISINE OF INDIA - RED FORT,2564 OGDEN AVE,OGDEN,Ogden,84401
36F1F2AEC03F419786258B0A0078CA06,THE GRANDVIEW EVENT CENTER,339 East 2250 South Unit 103,Ogden,Ogden,84401
993ABFDC290315478725781F007E032B,The Growing Tree,2647 N 1000 W,Pleasant View,Pleasant View,84404
51FC083E22BF2C9E872581360053D89B,The Habit Burger Grill,839 West Riverdale Road,Riverdale,Riverdale,84405
62E56EB4F5AEEC6F86258742004C1E7D,THE HABIT BURGER GRILL #352 - THE HABIT BURGER GILL #352,335 E. 12th Street,Ogden,Ogden,84404
D160107CBB1F4E9F86258D9C00633E5C,THE HIVE TRAMPOLINE PARK,145 N HARRISVILLE RD,OGDEN,Ogden,84404
33650408BB9B606B86258C7A00593FE2,"THE HONEY BAKED HAM COMPANY, LLC",748 W Riverdale Rd,Riverdale,Riverdale,84405
B0B1BF5D96EED9B586258C53005073C6,THE HOUSE CAT,341 27th St.,Ogden,Ogden,84401
5433954369F36CB386258DC7005C18CC,THE LOTUS CAFE,529 25th Street Unit 104,Ogden,Ogden,84401
7103A179848FBD5586258AB00072EFD7,The Mercantile,2501 Grant Ave.,Ogden,Ogden,84401
2ACCB7D3EE21132C86258E22007089BD,THE OAKS,750 OGDEN CANYON RD.,OGDEN,Ogden,84401
45F47F40BDFF10458625768800614170,THE OUTLAW,1254 West 2100 South,WEST HAVEN,West Haven,84401
ECE0CE7389AF1EA586258CE00051ECB8,THE PHOENIX HOUSE CAFE,5648 Old Hwy Rd,Morgan,Morgan,84050
8427F80D4B1202CC86258D32004DE61A,THE POST BAR & GRILL,50 S. 600 E,Morgan,Morgan,84050
34A28553E44E86B686258A4A00773FB5,THE RUSH FUNPLEX,380 West 2650 North,Pleasant View,Pleasant View,84414
84D8F5EBFE14F2ED8625768800615CD6,THE RUSTED SPOON,1310 WALL AVENUE,OGDEN,Ogden,84404
2FBDD60C696F0CEA86258BC50059367C,THE SMOKED TACO,4104 Riverdale Rd,Riverdale,Riverdale,84405
E0890A6230BEF2FE86258DAA007BBED9,THE SMOKEY SASQUATCH,2563 MONROE BLVD,OGDEN,Ogden,84401
43E87FD0617D31778625884F00581997,THE SMOKIN BOXCAR,145 Commercial Street,Morgan,Morgan,84050
186AD708F7AF925F8625768800617B4B,THE SONORA GRILL,2310 KIESEL AVENUE,OGDEN,Ogden,84401
8B8F51A3AB94ACB586257688006119AA,THE TERRACE AT MT. OGDEN,400 East 5350 South,OGDEN,Ogden,84405
F218A4398D163E2986258E51005904AF,THE THIRSTY HORSE,3611 WASHINGTON BLVD.,OGDEN,Ogden,84403
34745E901FDA75A987257B9F00727A74,Thomas Cuisine Mgmt (in Fresenius),476 W. 13th,Ogden,Ogden,84404
060BE9E7F2AD203786258DB0007DC588,THUNDER LANES,329 WASHNGTON BLVD.,OGDEN,Ogden,84404
184B92D90840CF4D86257688006131E6,TIMBERMINE STEAKHOUSE,1701 East PARK BLVD,OGDEN,Ogden,84401
C79EA91CE67D3C418625768800613CE0,TINSELTOWN 14,1038 NEWGATE MALL,OGDEN,Ogden,84405
F31F375D868C28808625768800616024,TOADS - TOADS Fun Zone,1690 W. 400 North,OGDEN,Ogden,84404
2C3C4D7C63C722F186258C140059099C,TOKYO TOWER OGDEN,1084 S Washington Blvd,Ogden,Ogden,84404
C795F0735E34FFCD86257688006170AB,TONA,210 HISTORIC 25TH STREET,OGDEN,Ogden,84401
0862180C51AEA6B7862589BB0056E6D2,TONY'S,403 39th Street,South Ogden,South Ogden,84403
F3BC07B5FC88270786257688006149BC,TOP STOP CONVENIENCE STORE #12,1210 West 12TH ST,OGDEN,Ogden,84404
F49F191DDC2631FC86258E67006BFF3B,TROPICAL SMOOTHIE CAFE,4868 S 1050 W,RIVERDALE,Riverdale,84405
1B228927194D85A386258B4800532208,TROPICAL SMOOTHIE CAFE #TSUT21,420 W 2700 N Unit 100,Pleasant View,Pleasant View,84414
234B2BAF0D65648C86258B7E005751F2,TROPICAL SMOOTHIE CAFE #TSUT23 - TROPICAL SMOOTHIE CAFE TSUT23,1351 Wall Ave,Ogden,Ogden,84404
B721E09C834CAD6786258A190061FDE1,TROPICAL SMOOTHIE CAFE #TSUT24,6040 S 3500 W,Roy,Roy,84067
59B5D74DEA9A286086258C0B007BEB39,TWO BIT BISTRO,2510 Washington Blvd,Ogden,Ogden,84401
91B972B9C209F4EF8625768800612803,T.H. BELL JR. HIGH - T.H. BELL JR. CAFETERIA,165 West 5100 South,WASHINGTON TERR,Washington Terrace,84403
CF6EE4E0E9D557AB8625768800613942,UINTAH ELEMENTARY - UINTAH ELEMENTARY CAFETERIA,2250 East 6115 South,UINTAH,Uintah,84403
D16753EBCF97D4F787258005006DD244,Union Grill,315 24th Street,Ogden,Ogden,84401
DA012DC9640BD9A88625768800618A00,UNIVERSITY BROILER,4342 HARRISON BLVD,OGDEN,Ogden,84403
4776D2070345AADB8625854400684407,UNSPOKEN,211 25th Street,Ogden,Ogden,84401
234CFED7F18183D488257A95005FF17C,UTAH DEL TACO #1148,2818 N 1850 W,Farr West,Farr West,84404
ED4A408602D75BD187257DDB00601B18,Utah Military Academy,5120 S 1050 W,Riverdale,Riverdale,84405
A24273E2067593648625768800611A95,UTAH SCHOOLS FOR THE DEAF & BLI,742 South HARRISON BLVD,OGDEN,Ogden,84404
871C0072662A773D862583D7006C59B0,UTOG Brewing,2331 Grant Ave,Ogden,Ogden,84401
65A87C1501DC79DC8625856C007567C0,UTOG Brewing - UTOG Brewing Co. Mobile,2331 Grant Ave,Ogden,Ogden,84401
91A63A2BA521C94F862576880061281F,VALLEY ELEMENTARY - VALLEY ELEMENTARY CAFETERIA,5821 East 1900 North,EDEN,Eden,84310
4B5001E4BF2A519F06257A48005D9D9C,VALLEY MARKET,2555 N. Wolfcreek Dr.,Eden,Eden,84310
1F1CD0B36A5CDDDD862576880061283E,VALLEY VIEW ELEMENTARY - VALLEY VIEW ELEMENTARY CAFETERIA,2465 West 4500 South,ROY,Roy,84067
D6CE488B4B3DC9EF8625768800619878,VENTURE ACADEMY K-8 - VENTURE ACADEMY K-8 CAFETERIA,495 N. 1500 W.,MARRIOTT SLATERVILLE,Marriott-Slaterville,84404
7129D0714510120E87257B3C0078ECE7,Virg's,4696 So. Harrison Blvd.,Ogden,Ogden,84403
32839BCA06C9452186258DC400739E03,Vitens by Ruan Thai Restaurant,3679 Harrison Blvd.,Ogden,Ogden,84403
529158C901913D178625768800611E8B,V.F.W. 1481,907 West 12TH STREET,OGDEN,Ogden,84404
5049B83EB6E3BBE4862576880061285C,WAHLQUIST JR. HIGH - WAHLQUIST JR. HIGH FOOD,2656 North 2400 West,Farr West,Farr West,84404
03226430AD6FA81D8625768800617265,WAL-MART DELI #2921,534 North HARRISVILLE RD,HARRISVILLE,Harrisville,84404
08B99BEB2A5C7F1A8725788B005706AC,Wal-Mart Deli #3789,1959 Wall Ave.,Ogden,Ogden,84401
A36B7602BC047E1F8625768800617897,WALKER CINEMAS,1610 North WASHINGTON BLVD,NORTH OGDEN,North Ogden,84414
3646A948B7C251AF86257688006165CA,WALMART SUPER CENTER #1708,4848 SOUTH 900 WEST,RIVERDALE,Riverdale,84405
51137A766D5850E986258C8200581FA6,Walmart #4349 West Haven,4227 Midland Dr.,West Haven,West Haven,84404
EB119A434F3301C687257F5E006D2C94,WARRENS CRAFTBURGER,258 25TH,OGDEN,Ogden,84401
11E91A2FA637CCB78625768800615DA3,WARRENS DRIVE-IN,5523 South 3500 West,ROY,Roy,84067
74C3A3C24E7731E08625768800612ADC,WARRENS DRIVE IN - S. OGDEN,3955 South RIVERDALE RD,SOUTH OGDEN,South Ogden,84403
52749915E752B3FE86258BFC0059A598,WARRENS RESTAURANT,3645 W 2600 N,Plain City,Plain City,84404
063E326FB82AE5AC8625768800619BB7,WASATCH CHRISTIAN SCHOOL - WASATCH CHRISTIAN SCHOOL FOOD,585 E. 39TH STREET,SOUTH OGDEN,South Ogden,84404
ADD959E5BE42B58E8625768800611BC9,WASATCH ELEMENTARY - WASATCH ELEMENTARY CAFETERIA,3370 South POLK AVE,OGDEN,Ogden,84403
0E9D478D1433FE1C86258D3800610FB1,WASATCH ROASTING COMPANY,1895 Washington Blvd.,Ogden,Ogden,84401
F8972A5726A1E5DF862586A20057BA2E,WASATCH ROASTING CO.,3150 Brinker Ave.,Ogden,Ogden,84403
C6CC4B7D6C6811C8862586A2005D6F52,WASATCH ROASTING CO. - WASATCH ROASTING CO. MOBILE,3150 Brinker Ave.,Ogden,Ogden,84403
2789B475520E95F386258DF100762813,WASHINGTON HEIGHTS CHURCH,1770 E 6200 S,OGDEN,Ogden,84405
82C6ED47746CA32A8625768800614C49,WASHINGTON TERRACE ELEMENTARY - WASHINGTON TERRACE ELEMENTARY CAFETERIA,125 East 4475 South,OGDEN,Ogden,84405
D81DE7D751B962DF87257D8F0060ED91,Watami Sushi Bistro,2361 North Washington Boulevard,North Ogden,North Ogden,84414
817932EFD26208018625841D0050746F,Weber County Jail-Summit Food Service LLC,721 W 12tth St.,Ogden,Ogden,84404
E747995E30146C19862585E50051EBA1,WEBER COUNTY SPORTS COMPLEX,4390 HARRISON BLVD.,OGDEN,Ogden,84403
CA010D972F10E85886258DD5004EAEF0,WEBER EATZ - MOBILE,2007 S 4300 W,Taylor,Taylor,84401
B057D1F55F5F47DE8625899C0054BAB6,Weber Fraternal Order of Police Mobile,975 Wall Avenue,Ogden,Ogden,84404
64C8065761517F218625768800612879,WEBER HIGH SCHOOL,430 West WEBER HIGH DR,PLEASANT VIEW,Pleasant View,84414
7427A2A2199BB99487257D3100713C51,Weber Innovation Center,1007 W 12th,Ogden,Ogden,84404
4234C76E51A8F21D86258D3800556FD7,WEBER INSTITUTE OF RELIGION,1302 Edvalson St.,Ogden,Ogden,84403
8FA31CFC47E35876862584E90067863E,Weber Recovery Center,2740 Pennsylvania Ave.,Ogden,Ogden,84401
576D26C2596959E686258DD500517EE0,WEBER SCHOOL DISTRICT - CTE,2007 S 4300 W,TAYLOR,Taylor,84401
39EE9F97CC1B8BB58625768800612143,WEBER SENIOR NUTRITION CENTER,1176 West 3300 South,OGDEN,Ogden,84401
9F044898C39DB85D86258714004C8740,WEBER STATE UNIVERSITY COMMUNITY EDUCATION CENTER,2605 Monroe,Ogden,Ogden,84401
A4DFAAA8630870EB872582EB007B707C,Weber Valley Youth Center,1305 South 700 West,Ogden,Ogden,84404
0EB3A42BD32BB36E86258BC500713FA0,WELLER'S BISTRO ON 25TH,455 25th Street Unit A,Ogden,Ogden,84401
2BB294682C01276286258C1900553772,WENDY'S,5654 S 1900 W,Roy,Roy,84067
EFCC0B83A7D4EDE1862586B2007B20BE,WENDY'S #6068,2594 North 400 East,North Ogden,North Ogden,84414
9757248C6479E21C862586B2007C8B96,WENDY'S #6071,1176 Washington Blvd.,Ogden,Ogden,84404
989872F64E36B364862586B2007CE928,WENDY'S #6072,5710 Harrison Blvd.,Ogden,Ogden,84403
14BE8C2C72B6C9DE862586B2007D3F21,WENDY'S #6077,1096 West Riverdale Road,Riverdale,Riverdale,84405
19A14CD80326AD28862586B2007A910F,WENDY'S#6058,1750 WEST 2700 NORTH,FARR WEST,Farr West,84404
B67F6A2815BA47BB86258B8800527B40,WEST FIELD HIGH SCHOOL - WEST FIELD HIGH SCHOOL - CAFETERIA,2007 S 4300 W,Ogden,Ogden,84401
25F938193233E7878625768800618C57,WEST HAVEN ELEMENTARY - WEST HAVEN ELEMENTARY CAFETERIA,4385 South 3900 West,WEST HAVEN,West Haven,84401
9514995E8B8636CF862576880061954D,WEST HAVEN TRAVEL CENTER,2105 SOUTH 1100 WEST,WEST HAVEN,West Haven,84401
BC8A6817C7C9637D8625768800613B2F,WEST WEBER ELEMENTARY - WEST WEBER ELEMENTARY CAFETERIA,4178 West 900 South,OGDEN,Ogden,84404
28B121506F908B428625884F0055BFE6,WESTSIDE PIZZA,2975 W 4000 SO Unit C,WEST HAVEN,West Haven,84401
A23AB8C41BD1EA688725844D00752165,WESTSIDE PIZZA,3639 W 2600 N Unit SUITE D,PLAIN CITY,Plain City,84404
430367FE1587E6C386258C0300822089,WETZEL'S PRETZELS & THE SCOOP,534 N Harrisville Rd,Harrisville,Harrisville,84404
1803E03D9D06BD0E8625768800618FAC,WIENERSCHNITZEL,450 North HARRISVILLE RD,HARRISVILLE,Harrisville,84404
BB411DBD6478A235862577200072F86A,WINCO FOODS #78,6060 S 3500 W,ROY,Roy,84067
A81634D30E9A5AE2862576FC0054B1A2,WINCO FOODS #79,205 WEST 12TH STREET,OGDEN,Ogden,84404
2C5F3D5265F8BAE0862576880061456E,WINEGAR'S DELI,3440 West 4800 South,ROY,Roy,84067
2D21FE74D9B3A4EE8625883800619FCD,"WING NUTZ OGDEN, LLC",2332 KIESEL AVENUE,OGDEN,Ogden,84401
6F52A3E33BCE9D288625875A005761EC,WING WAH CAFE,1481 E. 5600 so.Unit F-103,South Ogden,South Ogden,84403
BB69C47E9F580E0186257688006146D7,"WING WAH GOURMET, INC.",465 East 12TH ST,OGDEN,Ogden,84404
66192F2BC0DED4AF8625862A005E9919,WINGSTOP,460 EAST 12TH STREET,OGDEN,Ogden,84404
FFA32DB9BE3263B18725816A007213A6,Wingstop #083,835 West Riverdale Road,Riverdale,Riverdale,84405
02C57CCB462408AA86258C9700611EBD,WINGSTOP #53105,371 E 2600 N Unit B,North Ogden,North Ogden,84414
362416DDAA5241E88625768800616D43,WISEGUYS COMEDY,269 25TH ST,OGDEN,Ogden,84401
2EC4372B3F317C0786258B780057C208,WPR - COMFORT STATION,5233 Wasatch Peaks Rd.,Morgan,Morgan,84050
B03F88A1C8EC167386258CE400737F8C,WPR - MID MOUNTAIN PIZZA - MID MOUNTAIN PIZZA,5233 Wasatch Peaks Road,Morgan,Morgan,84050
14031BC13E5E035686258BC5007BF383,WPR - OAKS FOOD TRAILER - OAKS FOOD TRAILER (WPR),5233 Wasatch Peaks Rd.,Morgan,Morgan,84050
236593FEE3B274A486258936007F4449,WPR - Oaks Lodge - WPR - OAKS LODGE,4213 N. Morgan Valley Dr.,Morgan,Morgan,84050
E0059D7EC09F0D3F86258BC5005DBB6B,WPR - TAVERN,4213 N Morgan Vally Dr.,Peterson,Peterson,84050
AFF5C2BCDB882BF186258B78005A64B0,WPR - TEE BAR & GRILL,5233 Wasatch Peaks Rd.,Morgan,Morgan,84050
245CB0DB26158C9086258BC5005E5E7F,WPR MARKET,5233 Wasatch Peaks Rd,Morgan,Morgan,84050
994A4213F7C052218625768800618C2A,WSU-Student Union (Sodexo),2115 UNIVERSITY CIRCLE,OGDEN,Ogden,84408
3254C9C24434649B8725839E0062A35B,WSU Starbucks,3910 West Campus Drive,Ogden,Ogden,84408
27682F19221BEA5A87257A5C006280F8,WSU Stewart Wasatch Bldg. - FoD (Sodexo),3105 Wildcat Village,Ogden,Ogden,84408
F115E63CE4CAD8138625890C006019B5,XALISCO,2430 Grant Avenue,Ogden,Ogden,84401
E19B12584048A8718625768800612070,YCC CENTER,2261 South ADAMS AVENUE,OGDEN,Ogden,84401
6B7C8A093A360B8587257DDB0054722B,YMCA of Northern Utah,575 Lockwood Drive,Ogden,Ogden,84404
E15AC73BBB2372398625768800616DED,YOUTH IMPACT,2305 GRANT AVENUE,OGDEN,Ogden,84401
0A83C1A35EADD847862584A20064A12A,YU'S MAPLE GARDEN CHINESE REST.,2501 Wall Avenue,Ogden,Ogden,84401
D40124E50BD9466986258DB0007C26F9,"Z's SWEETS, LLC",3920 WASHINGTON BLVD.,OGDEN,Ogden,84402
38267ED1B679BED88625848E005D46FF,Zao Asian Cafe,831 W. Riverdale,Riverdale,Riverdale,84405
D5C0D163738537E287257C7E006EF693,Zaxby's,141 W. 12th Street,Ogden,Ogden,84404
20EBA707DEE2E3CB8625768800618EA3,ZEPPE'S HARRISVILLE - ZEPPE'S ITALIAN WATER ICE,883 North 400 East,OGDEN,Ogden,84404
147B1A62ED5EC7AD86258C8100569EEE,Zeppe's Italian Ice,3442 W 4000 S,West Haven,West Haven,84401
DF020E32E5094F738625867200649E2A,ZEPPE'S ITALIAN ICE,704 West Riverdale Road Unit 1,Riverdale,Riverdale,84405
B25F05AD953705B886258846007C25FC,Zeppe's Italian Ice Moble #2 Lic#U637WM,704 W. Riverdale Road,Riverdale,Riverdale,84405
BB3BC9A0E7E0BD8987257F9C0079E105,Zeppes Italian Ice (Mobile) - Zeppes Italian Ice Mobile Lic# V538NR,704 West Riverdale Road Unit 1,Riverdale,Riverdale,84405
0C42C3E703647956872579DF0068901C,Zhang's Chinese Gourmet,380 North 2000 West,Marriott-Slaterville,Marriott-Slaterville,84404
08D1B1979101E3438625768800618F29,ZHANG'S CHINESE KITCHEN,2586 NORTH 400 EAST,NORTH OGDEN,North Ogden,84414
9D476BE3177AFF7F87257738006E79ED,Zhang's Chopstix,4510 Harrison Blvd.,Ogden,Ogden,84403
1124F9CD903B759A86258E580042B3A1,ZZ Email test - Aug 19th,88 wilce,ajax,Ajax,65421
5F452C17DE8472718625892E0082914B,Episcopal Church of the Good Shepherd,2374 Grant Avenue,Ogden,Ogden,84401
472C678155D239A386258BE00072DBB6,FRUGAL FLAMINGO,442 S 300 W,Washington Terrace,Washington Terrace,84405
E201426C52FC002286258D640062E0C9,OGDEN - WEBER TECH. COLLEGE/CULINARY EDUCATION - OGDEN WEBER TECH. COLLEGE/CULINARY EDUCATION,200 N WASHINGTON BLVD.,OGDEN,Ogden,84404
9FA62D7D1A11D59887257EF90081E68D,SMITH'S #30 - Smith's #30 Coffee Shop,4275 South HARRISON,SOUTH OGDEN,South Ogden,84403
612500D50E2D98A8862576880061492D,TOP STOP CONVENIENCE STORE,2120 South WALL AVE,OGDEN,Ogden,84401
